INSERT INTO "Index"."Code" ("Id","Value","CreatedBy","CreatedOn","LastModifiedBy","LastModifiedOn","DeletedBy","DeletedOn") VALUES
	 ('ff260dab-17a4-49dc-86ed-fbe4e9172ea3'::uuid,'DL',0,'2025-12-04 11:29:46.937062+07',0,'2025-12-04 11:29:46.937062+07',NULL,NULL),
	 ('a2e9c043-2b03-41cd-9f49-90a55a615097'::uuid,'DLT',0,'2025-12-04 11:30:01.881265+07',0,'2025-12-04 11:30:01.881265+07',NULL,NULL),
	 ('a33883af-05fc-42c9-9ebf-62d4515f5324'::uuid,'DLD',0,'2025-12-04 11:30:14.743235+07',0,'2025-12-04 11:30:14.743235+07',NULL,NULL),
	 ('d1c49de6-0cd7-4250-b296-53b79875f6e0'::uuid,'GL',0,'2025-12-04 11:34:31.746115+07',0,'2025-12-04 11:34:31.746116+07',NULL,NULL),
	 ('9d532c37-2a56-4029-94be-d0487411f9b4'::uuid,'LC',0,'2025-12-04 11:34:37.277663+07',0,'2025-12-04 11:34:37.277663+07',NULL,NULL),
	 ('aa1730ac-20f7-4154-bdf7-cba6f8a66bb6'::uuid,'VLN',0,'2025-12-04 11:34:47.750825+07',0,'2025-12-04 11:34:47.750825+07',NULL,NULL),
	 ('dfe52ff8-05e9-48c0-84ab-61fdb879e0db'::uuid,'MKT',0,'2025-12-04 11:35:08.887895+07',0,'2025-12-04 11:35:08.887895+07',NULL,NULL),
	 ('effcbdb5-40ae-460b-ab8a-68b28e4a09e4'::uuid,'CKT',0,'2025-12-04 11:35:22.922602+07',0,'2025-12-04 11:35:22.922602+07',NULL,NULL),
	 ('7e5fdbeb-55d8-4f3f-959b-482b05dfc0d6'::uuid,'XL',0,'2025-12-04 11:36:05.322746+07',0,'2025-12-04 11:36:05.322746+07',NULL,NULL),
	 ('7c14cfaf-46ea-464b-a0b6-3240d500f7cf'::uuid,'VCT',0,'2025-12-04 11:36:48.187271+07',0,'2025-12-04 11:36:48.187271+07',NULL,NULL),
	 ('58674da4-8838-48ac-9023-1acea01602f1'::uuid,'GMN',0,'2025-12-04 11:37:05.902717+07',0,'2025-12-04 11:37:05.902717+07',NULL,NULL),
	 ('6abe1e64-a7c0-4176-9fcd-177a22b386b0'::uuid,'VT',0,'2025-12-04 11:37:19.064686+07',0,'2025-12-04 11:37:19.064687+07',NULL,NULL),
	 ('4e89bc60-5fbb-4a88-ae4f-2f67482057a7'::uuid,'SP1',0,'2025-12-10 14:07:08.344757+07',0,'2025-12-10 14:07:08.344757+07',NULL,NULL),
	 ('26e3abb5-b033-466b-b86b-2a8a1255ab7b'::uuid,'TCT',0,'2025-12-04 11:38:15.446216+07',0,'2025-12-04 11:38:15.446216+07',NULL,NULL),
	 ('ddebc0a4-7d1d-43e6-983d-ae345130ff5e'::uuid,'SP3',0,'2025-12-10 14:07:52.613785+07',0,'2025-12-10 14:07:52.613785+07',NULL,NULL),
	 ('54555238-bb30-412e-9ec4-2f4e4b50e1cf'::uuid,'GT',0,'2025-12-04 11:45:04.715955+07',0,'2025-12-04 11:45:04.715955+07',NULL,NULL),
	 ('96a5d13d-a954-485c-9456-f596160c1781'::uuid,'PG',0,'2025-12-04 11:45:53.311865+07',0,'2025-12-04 11:45:53.311865+07',NULL,NULL),
	 ('760ec7ca-2c5c-4f54-9016-5ffd3efc50bc'::uuid,'GC',0,'2025-12-04 11:46:27.869564+07',0,'2025-12-04 11:46:27.869564+07',NULL,NULL),
	 ('45ec800a-e72f-45fe-aab0-049589de1798'::uuid,'ÁDSDFSFD',0,'2025-12-10 14:30:12.080425+07',0,'2025-12-10 14:30:12.080425+07',NULL,NULL),
	 ('93beb46a-9e43-4bb4-b9ee-4335f22c1ac1'::uuid,'TN',0,'2025-12-04 11:46:57.352414+07',0,'2025-12-04 11:46:57.352415+07',NULL,NULL);
INSERT INTO "Index"."Code" ("Id","Value","CreatedBy","CreatedOn","LastModifiedBy","LastModifiedOn","DeletedBy","DeletedOn") VALUES
	 ('ea919497-a52f-40b5-b193-03f9871015b1'::uuid,'DEMO',0,'2025-12-11 09:52:14.399497+07',0,'2025-12-11 09:52:14.399497+07',NULL,NULL),
	 ('8b4a93ae-616e-4b9b-904b-09a6e5cf4a07'::uuid,'KĐ',0,'2025-12-04 11:48:30.504099+07',0,'2025-12-04 11:48:30.5041+07',NULL,NULL),
	 ('14bb272d-a73d-4613-bc3a-e0888b19760d'::uuid,'DĐC02',0,'2025-12-04 11:51:09.062532+07',0,'2025-12-04 11:51:09.062532+07',NULL,NULL),
	 ('4290c9de-b7e9-4324-b9e8-9f8fb9798dc0'::uuid,'DĐC01',0,'2025-12-04 11:53:20.22946+07',0,'2025-12-04 11:53:20.22946+07',NULL,NULL),
	 ('db33ab72-64a5-40a1-aceb-d5948beb1781'::uuid,'MKT-VL',0,'2025-12-04 11:54:12.525809+07',0,'2025-12-04 11:54:12.525809+07',NULL,NULL),
	 ('9de242cc-d947-4548-a2ff-2db109e5d3d1'::uuid,'CKT-VL',0,'2025-12-04 11:54:44.958586+07',0,'2025-12-04 11:54:44.958586+07',NULL,NULL),
	 ('60a07041-b2a6-48a4-9325-87233ae1d8b5'::uuid,'VCT-CPII-221727',0,'2025-12-04 11:55:55.222766+07',0,'2025-12-04 11:55:55.222766+07',NULL,NULL),
	 ('ea323a98-975e-416c-b24c-12d129faac3a'::uuid,'GMN-CPII-221727',0,'2025-12-04 11:56:33.109458+07',0,'2025-12-04 11:56:33.109458+07',NULL,NULL),
	 ('a5234c1f-9165-4283-ba0c-8601e21e042f'::uuid,'VT-VL',0,'2025-12-04 11:56:53.951051+07',0,'2025-12-04 11:56:53.951051+07',NULL,NULL),
	 ('20b43600-3c76-4aff-b25d-e62c92c2e457'::uuid,'BT-B650',0,'2025-12-04 11:58:35.492189+07',0,'2025-12-04 11:58:35.492189+07',NULL,NULL),
	 ('9052e216-5336-480e-89ef-91b6675e001e'::uuid,'BT-B800',0,'2025-12-04 11:58:56.024167+07',0,'2025-12-04 11:58:56.024167+07',NULL,NULL),
	 ('98e6616e-243e-4b71-93dd-67f8ff302a21'::uuid,'BT-B1000',0,'2025-12-04 11:59:22.411541+07',0,'2025-12-04 11:59:22.411541+07',NULL,NULL),
	 ('4b410f66-7051-4e28-915c-f4451b523fd3'::uuid,'MC-SKAT-80 ',0,'2025-12-04 12:00:10.250305+07',0,'2025-12-04 12:00:10.250305+07',NULL,NULL),
	 ('4ef5856a-b5c8-4263-b4e4-fd7667c41a51'::uuid,'MC-SGB-520/40',0,'2025-12-04 12:00:38.1705+07',0,'2025-12-04 12:00:38.1705+07',NULL,NULL),
	 ('4019aac3-a6d9-4734-8209-99ad62484968'::uuid,'T-JD-11,4',0,'2025-12-04 12:01:03.598211+07',0,'2025-12-04 12:01:03.598211+07',NULL,NULL),
	 ('41da95c8-ebff-48b7-b3d3-cb906f1f200d'::uuid,'TT',0,'2025-12-04 12:01:22.073115+07',0,'2025-12-04 12:01:22.073115+07',NULL,NULL),
	 ('7cf5876a-452b-4081-ba86-18cc4a932f70'::uuid,'GGG-5,5',0,'2025-12-04 12:01:54.543778+07',0,'2025-12-04 12:01:54.543778+07',NULL,NULL),
	 ('b23548c6-c7e0-48a1-9223-f73f5de7d00b'::uuid,'GGG-7,5',0,'2025-12-04 12:02:26.852719+07',0,'2025-12-04 12:02:26.852719+07',NULL,NULL),
	 ('621f14cc-2ad8-43ba-8b51-c3a96614cf7a'::uuid,'GGG-22',0,'2025-12-04 12:03:02.935677+07',0,'2025-12-04 12:03:02.935677+07',NULL,NULL),
	 ('e94551e8-2960-4122-bb26-84d894359389'::uuid,'SP5',0,'2025-12-12 14:13:38.808561+07',0,'2025-12-12 14:13:38.808561+07',0,'2025-12-12 14:13:43.513999+07');
INSERT INTO "Index"."Code" ("Id","Value","CreatedBy","CreatedOn","LastModifiedBy","LastModifiedOn","DeletedBy","DeletedOn") VALUES
	 ('05443b0a-1033-44bd-83f0-799a3967b5fe'::uuid,'GGG-30',0,'2025-12-04 13:37:35.246563+07',0,'2025-12-04 13:37:35.246563+07',NULL,NULL),
	 ('6d78005c-3bbc-4526-afb6-f8897e728474'::uuid,'GGG-45',0,'2025-12-04 13:37:55.958993+07',0,'2025-12-04 13:37:55.958993+07',NULL,NULL),
	 ('9604136b-8b00-401f-a67d-a289293ea953'::uuid,'GGG-55',0,'2025-12-04 13:38:18.229837+07',0,'2025-12-04 13:38:18.229837+07',NULL,NULL),
	 ('c8b31639-0145-495b-96fa-b68715801122'::uuid,'BND-LTC-5054',0,'2025-12-04 13:38:44.939581+07',0,'2025-12-04 13:38:44.939581+07',NULL,NULL),
	 ('365b892a-f7b7-48c3-b018-347b52e9c061'::uuid,'BND-LTC140150',0,'2025-12-04 13:39:06.962447+07',0,'2025-12-04 13:39:06.962447+07',NULL,NULL),
	 ('5a4902bc-ce87-4de6-8239-0c0336155428'::uuid,'MXLH-ZCY60-VMC-E500-1 ',0,'2025-12-04 13:40:03.297436+07',0,'2025-12-04 13:40:03.297436+07',NULL,NULL),
	 ('41a1d1c0-84c8-4369-b52a-a4c5fae6a957'::uuid,'MXPN-KCMSU-1',0,'2025-12-04 13:40:28.919585+07',0,'2025-12-04 13:40:28.919585+07',NULL,NULL),
	 ('ea0a0588-e312-4bab-b6c1-bc5608f4f0bc'::uuid,'MXTHL-ML-01-0.3',0,'2025-12-04 13:41:02.820851+07',0,'2025-12-04 13:41:02.820851+07',NULL,NULL),
	 ('a584b9cf-b99e-47c3-8f01-5b8a6bb7276e'::uuid,'MXD-P60B',0,'2025-12-04 13:41:20.23682+07',0,'2025-12-04 13:41:20.23682+07',NULL,NULL),
	 ('54c5c17d-a096-485d-a7eb-03ce811f5121'::uuid,'TC2T',0,'2025-12-04 13:41:46.254507+07',0,'2025-12-04 13:41:46.254507+07',NULL,NULL),
	 ('7d7d9943-bac7-4f65-9353-099e08dbce15'::uuid,'MTĐ',0,'2025-12-14 22:11:40.753222+07',0,'2025-12-14 22:11:40.753222+07',NULL,NULL),
	 ('5d735386-634f-473e-aaef-62894a2ce0f3'::uuid,'BCLB5054',0,'2025-12-04 13:45:21.683405+07',0,'2025-12-04 13:45:21.683405+07',NULL,NULL),
	 ('cdf09c56-79ec-489e-b74b-1c3a775a1ddf'::uuid,'RB5054',0,'2025-12-04 13:46:32.132609+07',0,'2025-12-04 13:46:32.132609+07',NULL,NULL),
	 ('5128ddaf-2288-44e8-bb0a-a0f9e2793798'::uuid,'MĐM-MT',0,'2025-12-14 22:14:07.873008+07',0,'2025-12-14 22:14:07.873008+07',NULL,NULL),
	 ('ef3e603e-028d-4ccf-9957-7a9334fc86a2'::uuid,'DGVDMVL2',0,'2025-12-05 10:08:47.80624+07',0,'2025-12-16 15:03:32.068995+07',NULL,NULL),
	 ('73f00e77-7e01-42fa-b001-e4fdab83bf34'::uuid,'K2',0,'2025-12-17 09:10:36.125989+07',0,'2025-12-17 09:10:36.125989+07',NULL,NULL),
	 ('40769fec-9fbf-4008-81b1-acdbfba4879d'::uuid,'K3',0,'2025-12-17 09:10:49.696604+07',0,'2025-12-17 09:10:49.696604+07',NULL,NULL),
	 ('9b3422d0-90d6-4b4a-bad9-95567c1d7057'::uuid,'K4',0,'2025-12-17 09:11:04.299601+07',0,'2025-12-17 09:11:04.299601+07',NULL,NULL),
	 ('ece66ce2-bb6a-4ec6-875f-bb240f75a71b'::uuid,'K5',0,'2025-12-17 09:11:19.347386+07',0,'2025-12-17 09:11:19.347386+07',NULL,NULL),
	 ('fa90ff06-03a4-44d0-a305-3b4fed999522'::uuid,'BCLBLT5054',0,'2025-12-04 14:18:19.798961+07',0,'2025-12-04 14:18:19.798961+07',NULL,NULL);
INSERT INTO "Index"."Code" ("Id","Value","CreatedBy","CreatedOn","LastModifiedBy","LastModifiedOn","DeletedBy","DeletedOn") VALUES
	 ('f0a5ae16-1078-423d-b382-e62480dcb385'::uuid,'RBLT5054',0,'2025-12-04 14:18:32.376643+07',0,'2025-12-04 14:18:32.376643+07',NULL,NULL),
	 ('52cfff38-2ee7-49b4-a6ad-8ee7cda956d3'::uuid,'BVLBLT5054',0,'2025-12-04 14:18:45.589404+07',0,'2025-12-04 14:18:45.589404+07',NULL,NULL),
	 ('5d288c13-c965-4a4c-956e-a5ecd175b31b'::uuid,'TBLT5054',0,'2025-12-04 14:19:01.056193+07',0,'2025-12-04 14:19:01.056194+07',NULL,NULL),
	 ('2c4e1432-efa9-47e9-bb15-1ba7eb20f171'::uuid,'BBLT5054',0,'2025-12-04 14:19:12.063428+07',0,'2025-12-04 14:19:12.063428+07',NULL,NULL),
	 ('701212ec-95c1-415d-a93c-a5e9aa52af9e'::uuid,'OHBLT5054',0,'2025-12-04 14:19:23.245859+07',0,'2025-12-04 14:19:23.245859+07',NULL,NULL),
	 ('ce35e739-83a2-48b0-9648-4e5366d94deb'::uuid,'VB6310',0,'2025-12-04 14:19:37.756984+07',0,'2025-12-04 14:19:37.756984+07',NULL,NULL),
	 ('d3a662f6-5e45-453c-96af-8c136ad5b967'::uuid,'VB6307',0,'2025-12-04 14:19:57.287715+07',0,'2025-12-04 14:19:57.287715+07',NULL,NULL),
	 ('3a81b367-87d0-4521-8bd1-bec437650d3c'::uuid,'VB6309',0,'2025-12-04 14:20:14.525967+07',0,'2025-12-04 14:20:14.525967+07',NULL,NULL),
	 ('34c8a582-2b5c-4a3a-a587-654d89095fca'::uuid,'RBIMBDN80',0,'2025-12-04 14:20:29.481302+07',0,'2025-12-04 14:20:29.481302+07',NULL,NULL),
	 ('67e16bbf-901f-4fe1-8d80-878a7c2f59f9'::uuid,'VN2CMBDP100',0,'2025-12-04 14:20:44.80699+07',0,'2025-12-04 14:20:44.80699+07',NULL,NULL),
	 ('27b7b956-b106-4d42-9137-1d4b4bbb7a20'::uuid,'DCD15KW',0,'2025-12-04 14:21:00.549411+07',0,'2025-12-04 14:21:00.549411+07',NULL,NULL),
	 ('6396cd09-6dd4-4e78-a473-ae76f6970f33'::uuid,'MLL3',0,'2025-12-04 14:21:16.172187+07',0,'2025-12-04 14:21:16.172187+07',NULL,NULL),
	 ('864cfec1-43f8-4d36-8e6b-de96377e0b54'::uuid,'DCSAE40HD',0,'2025-12-04 14:21:31.216634+07',0,'2025-12-04 14:21:31.216634+07',NULL,NULL),
	 ('43977632-8b2a-4fa3-bec7-a1c9152d2ac4'::uuid,'VTK03',0,'2025-12-04 14:22:40.710718+07',0,'2025-12-04 14:22:40.710718+07',NULL,NULL),
	 ('b816e7d2-483c-4eb4-951c-7d2b18f8a88c'::uuid,'K6',0,'2025-12-17 09:11:40.025494+07',0,'2025-12-17 09:11:40.025494+07',NULL,NULL),
	 ('e2d13a74-9dc5-4c48-abda-cf42b61e2ea0'::uuid,'K7',0,'2025-12-17 09:12:02.591435+07',0,'2025-12-17 09:12:02.591435+07',NULL,NULL),
	 ('b52de1f0-563a-421f-b0d6-9500fcd9d483'::uuid,'DMO-MGK',0,'2025-12-04 14:47:27.68816+07',0,'2025-12-04 14:47:27.68816+07',NULL,NULL),
	 ('dac4f38e-0aa1-44dd-a2d9-4d618224954c'::uuid,'MĐMVL',0,'2025-12-05 09:26:19.465239+07',0,'2025-12-05 09:26:19.465239+07',NULL,NULL),
	 ('938c35d2-f793-4ab0-8093-063e55609651'::uuid,'VTK',0,'2025-12-04 11:37:49.841005+07',0,'2025-12-04 11:37:49.841005+07',NULL,NULL),
	 ('e0d0f70a-f29d-4c0c-99a0-0d0eadc1e4be'::uuid,'SP2',0,'2025-12-10 14:07:35.029815+07',0,'2025-12-10 14:07:35.029815+07',NULL,NULL);
INSERT INTO "Index"."Code" ("Id","Value","CreatedBy","CreatedOn","LastModifiedBy","LastModifiedOn","DeletedBy","DeletedOn") VALUES
	 ('193a99f1-31d2-4ae3-9960-40a6efafe37a'::uuid,'SP5',0,'2025-12-12 14:10:15.725329+07',0,'2025-12-12 14:10:15.725329+07',0,'2025-12-12 14:13:13.240812+07'),
	 ('3e4ce36b-93ff-4e70-a0a0-aa9e36553e7c'::uuid,'MT',0,'2025-12-14 22:10:20.496101+07',0,'2025-12-14 22:10:20.496101+07',NULL,NULL),
	 ('5659f9d9-a415-4309-bf24-1bf0b862c9f3'::uuid,'MTI',0,'2025-12-14 22:12:34.453225+07',0,'2025-12-14 22:12:34.453225+07',NULL,NULL),
	 ('fa04939c-edf5-4bd1-8eb2-9d22c887494d'::uuid,'ĐGVĐM-MT-20260101',0,'2025-12-14 23:03:16.227203+07',0,'2025-12-14 23:03:16.227204+07',NULL,NULL),
	 ('d835ca1e-66bc-4f21-a342-b446ed2d2902'::uuid,'DGVDMVL1',0,'2025-12-10 14:26:51.855421+07',0,'2025-12-16 15:03:05.799309+07',NULL,NULL),
	 ('af83ba54-9196-4666-8045-92a1011edec5'::uuid,'DGDMMT',0,'2025-12-05 13:31:31.951841+07',0,'2025-12-05 13:31:31.951841+07',NULL,NULL),
	 ('b54fd9b8-87a0-4f21-b8e6-87b03edb2919'::uuid,'ĐGĐMMT',0,'2025-12-05 14:09:31.742012+07',0,'2025-12-05 14:48:27.970212+07',NULL,NULL),
	 ('a2156cc8-53ec-4dd8-8e56-313136e43f14'::uuid,'K1',0,'2025-12-05 15:57:32.279662+07',0,'2025-12-05 15:57:32.279662+07',NULL,NULL),
	 ('07885e81-cf5d-4c56-95b0-98c352c3d4cb'::uuid,'PT-01',0,'2025-12-08 17:20:29.516766+07',0,'2025-12-08 17:20:29.516767+07',NULL,NULL),
	 ('7f742537-ee6b-4974-8c9c-4bb837f09bf3'::uuid,'VTTSTK',0,'2025-12-10 10:35:44.271569+07',0,'2025-12-10 10:35:44.271569+07',NULL,NULL),
	 ('23b67f00-eb4a-4d08-b6e1-9b74e8c09730'::uuid,'VTTSK',0,'2025-12-10 10:42:30.670877+07',0,'2025-12-10 10:42:30.670877+07',NULL,NULL),
	 ('42a9dda0-5709-4182-86c6-ea0c162b8f43'::uuid,'VTTNK',0,'2025-12-10 10:44:15.809134+07',0,'2025-12-10 13:33:23.960819+07',NULL,NULL),
	 ('d76e4507-be9f-40cf-9a5f-6493a58d40a7'::uuid,'VTTSNK',0,'2025-12-10 13:41:35.928181+07',0,'2025-12-10 13:41:35.928181+07',NULL,NULL),
	 ('13bae147-7f15-40c7-aa42-ad7d06f7fdf9'::uuid,'VTK-VL',0,'2025-12-04 11:57:23.102114+07',0,'2025-12-04 11:57:23.102114+07',NULL,NULL);



INSERT INTO "Index"."InsertItem" ("Id","Value","CreatedBy","CreatedOn","LastModifiedBy","LastModifiedOn","DeletedOn","DeletedBy") VALUES
	 ('b021c4ad-bde9-48ee-8cdb-1d8655e3a0c1'::uuid,'Chèn gỗ',0,'2025-11-01 03:10:25.542+07',0,'2025-11-01 03:10:25.542+07',NULL,NULL),
	 ('9179141c-c086-4eb7-8777-37ee7f437705'::uuid,'Chèn thép (KT 440x850mm)',0,'2025-11-01 03:10:48.86+07',0,'2025-11-01 03:10:48.86+07',NULL,NULL),
	 ('91a3d0b7-868a-4260-bfb4-d80694e4c4df'::uuid,'Chèn bê tông',0,'2025-11-01 03:11:05.461+07',0,'2025-11-01 03:11:05.461+07',NULL,NULL),
	 ('53b2e6d7-aff9-4a35-bcb7-54d6c005d15f'::uuid,'Chèn thép chế tạo từ thép tròn F6 rộng 260mm',0,'2025-11-01 03:11:49.054+07',0,'2025-11-01 03:11:49.054+07',NULL,NULL),
	 ('a66088fe-05b7-42d6-8975-5492e4824c67'::uuid,'test',0,'2025-12-01 13:49:39.999034+07',0,'2025-12-01 13:49:46.73072+07','2025-12-01 13:49:51.648373+07',0),
	 ('f11dabc7-5cb8-4fa3-a90a-9415df697e9a'::uuid,'demo',0,'2025-12-01 13:49:59.446348+07',0,'2025-12-01 13:49:59.446348+07','2025-12-05 15:37:10.070422+07',0);


INSERT INTO "Index"."SupportStep" ("Id","Value","CreatedBy","CreatedOn","LastModifiedBy","LastModifiedOn","DeletedOn","DeletedBy") VALUES
	 ('19277171-b5be-48bb-9e72-7a7905ad1ff4'::uuid,'Bước chống 0.5m/vì',0,'2025-11-01 03:12:19.566+07',0,'2025-11-01 03:12:19.566+07',NULL,NULL),
	 ('887bd66b-ef0e-4f43-b1d1-0804e2728d63'::uuid,'Bước chống 0.7m/vì',0,'2025-11-01 03:13:23.333+07',0,'2025-11-01 03:13:23.333+07',NULL,NULL),
	 ('e1827c9b-5142-4d7f-8495-34f1da140635'::uuid,'test',0,'2025-12-01 13:55:43.495544+07',0,'2025-12-01 13:55:53.12512+07','2025-12-01 13:57:11.167272+07',0),
	 ('6f95b2a5-9f48-465a-9c85-d822a2595646'::uuid,'demo',0,'2025-12-01 13:57:18.433534+07',0,'2025-12-01 13:57:18.433534+07','2025-12-05 15:37:15.839047+07',0);

INSERT INTO "Index"."Passport" ("Id","Name","Sd","Sc","CreatedBy","CreatedOn","LastModifiedBy","LastModifiedOn","DeletedOn","DeletedBy") VALUES
	 ('584c61ee-99a7-45bc-ad7d-86e85d3e47e6'::uuid,'stringqwe','string','string',0,'2025-12-01 09:47:00.373986+07',0,'2025-12-01 09:47:23.560417+07','2025-12-01 09:47:40.942973+07',0),
	 ('9d48e253-a90a-4abe-83fa-0ed1ce03b4b8'::uuid,'demo','≥ demo','demo',0,'2025-12-01 09:57:25.499477+07',0,'2025-12-01 10:52:00.779545+07','2025-12-01 10:57:20.24896+07',0),
	 ('5e60f7b1-a8fc-42f9-b635-b53eac2caa11'::uuid,'demo','demo','demo',0,'2025-12-01 11:14:18.046142+07',0,'2025-12-01 11:14:50.020857+07','2025-12-01 11:20:39.817974+07',0),
	 ('1f84b57d-4863-4489-91fb-66142d8d66c5'::uuid,'1,4','Sđ=5,6','Sc=4,5',0,'2025-12-04 23:15:48.484939+07',0,'2025-12-04 23:15:48.484939+07',NULL,NULL),
	 ('0235e095-ba60-4cd2-a90f-fd6841b62689'::uuid,'1A','5.1','64',0,'2025-11-19 17:54:33.543+07',0,'2025-11-19 18:34:37.901+07','2025-12-04 23:16:07.869687+07',0),
	 ('1b3cb512-afe0-4b1b-839b-4a08ac225665'::uuid,'demo','demo','demo',0,'2025-12-01 11:20:56.520597+07',0,'2025-12-01 11:21:17.73841+07','2025-12-04 23:16:07.870046+07',0),
	 ('f2ebe346-e4e7-45df-b51e-860cd6896654'::uuid,'1;4','4.5','56',0,'2025-11-18 23:13:17.246+07',0,'2025-11-19 18:34:56.246+07','2025-12-04 23:16:07.870039+07',0),
	 ('87a3c2bc-913f-4ab7-b502-3118e89c9007'::uuid,'1A','Sđ=6,4','Sc=5,1',0,'2025-12-04 23:16:58.177847+07',0,'2025-12-04 23:16:58.177848+07',NULL,NULL),
	 ('1d7c66d3-29ea-413f-9f53-11908228edc5'::uuid,'1A','Sđ=5,6','Sc=4,5',0,'2025-12-04 23:18:46.546277+07',0,'2025-12-04 23:19:02.204093+07',NULL,NULL),
	 ('dec5426d-d434-4e86-9137-fb5d46c4f055'::uuid,'1A','≥1','≤-1',0,'2025-12-05 09:27:45.224161+07',0,'2025-12-05 09:27:45.224161+07',NULL,NULL),
	 ('27deec23-a5d2-4e9d-80e7-734a6f6b065c'::uuid,'demo1212','demood','emo',0,'2025-12-04 23:17:38.781332+07',0,'2025-12-04 23:34:08.639084+07','2025-12-10 14:17:15.930726+07',0);

INSERT INTO "Index"."UnitOfMeasure" ("Id","Name","CreatedBy","CreatedOn","LastModifiedBy","LastModifiedOn","DeletedOn","DeletedBy") VALUES
	 ('b2cd09cb-f652-457a-9318-f769bae23eb9'::uuid,'tấm',0,'2025-11-18 21:48:53.52+07',0,'2025-11-18 21:48:53.52+07',NULL,NULL),
	 ('744324ad-fc9c-4da4-87dd-8d72cf9e81d5'::uuid,'cầu',0,'2025-11-18 21:49:31.805+07',0,'2025-11-18 21:49:31.805+07',NULL,NULL),
	 ('c8bd06e6-47ea-414c-ba13-16485e275352'::uuid,'vòng',0,'2025-11-18 22:46:54.073+07',0,'2025-11-18 22:46:54.073+07',NULL,NULL),
	 ('ff8b81d9-1d51-4899-b749-be34a7d8d365'::uuid,'lít',0,'2025-11-18 22:51:15.936+07',0,'2025-11-18 22:53:32.784+07',NULL,NULL),
	 ('4eb57f96-5294-4ef6-bb73-18115ced2fbc'::uuid,'kg',0,'2025-11-18 23:40:26.311+07',0,'2025-11-19 10:39:40.046+07',NULL,NULL),
	 ('ba6f2b2f-4b53-4ca9-9ace-1b85699bf6df'::uuid,'vì',0,'2025-11-18 21:47:01.761+07',0,'2025-11-19 10:42:43.853+07',NULL,NULL),
	 ('04d3c9c0-7a60-4da7-87d5-1f4cf6ce55e1'::uuid,'bộ',0,'2025-11-18 21:47:18.476+07',0,'2025-11-18 21:47:18.476+07',NULL,NULL),
	 ('f35c84d6-dedc-4eb9-bd06-b8c330bba849'::uuid,'%',0,'2025-11-18 22:54:31.593+07',0,'2025-11-18 22:54:31.593+07',NULL,NULL),
	 ('29b285ef-969c-4ea1-8dc3-f9180fbafbdc'::uuid,'mét',0,'2025-11-19 10:48:53.448+07',0,'2025-11-19 10:48:53.448+07',NULL,NULL),
	 ('ee809610-2a9a-48fc-8b55-78e2401b3947'::uuid,'cái',0,'2025-11-18 21:44:46.956+07',0,'2025-11-18 21:44:46.956+07',NULL,NULL),
	 ('daaf1593-5d30-401f-a91a-631f368c38e4'::uuid,'test-1',0,'2025-11-23 04:57:56.844+07',0,'2025-11-23 04:57:56.844+07','2025-11-25 14:53:31.274299+07',0),
	 ('7e38832b-c384-4fab-8240-d45bb420e9db'::uuid,'chiếc',0,'2025-11-25 14:53:47.915459+07',0,'2025-11-25 14:53:47.915459+07',NULL,NULL),
	 ('636c88e0-1d75-4bd0-bbba-0f9a50c99bc1'::uuid,'cái',0,'2025-11-25 14:54:00.663348+07',0,'2025-11-25 14:54:00.663348+07','2025-11-25 14:54:12.047818+07',0),
	 ('82cb52da-d57f-407d-b465-b91ee325447f'::uuid,'test-update',0,'2025-11-25 14:56:15.883444+07',0,'2025-11-25 14:56:24.021517+07','2025-11-26 10:16:58.504804+07',0),
	 ('f6a6e748-95a4-4981-8fca-414c2287c631'::uuid,'demo06',0,'2025-11-29 22:43:48.453779+07',0,'2025-11-29 22:48:42.563373+07','2025-11-29 23:12:15.017399+07',0),
	 ('29ec122c-2516-4e31-b2c1-09f03b4ea278'::uuid,'test-update',0,'2025-11-26 10:17:14.09195+07',0,'2025-11-26 10:17:25.361034+07','2025-11-26 10:17:29.991787+07',0),
	 ('0e29e6f8-842a-4caa-b3a6-373d77e0178a'::uuid,'test',0,'2025-11-26 17:05:59.259608+07',0,'2025-11-26 17:05:59.259608+07','2025-11-26 17:16:34.625035+07',0),
	 ('714098b0-9712-4979-8aab-e429b2304f0f'::uuid,'test',0,'2025-11-26 17:18:07.738347+07',0,'2025-11-26 17:18:07.738347+07','2025-11-26 17:19:49.931505+07',0),
	 ('1d3c1a53-a953-457f-a40e-7a953383a61f'::uuid,'test',0,'2025-11-26 17:20:03.500746+07',0,'2025-11-26 17:20:03.500746+07','2025-11-26 17:26:45.943924+07',0),
	 ('be85bfae-6ee6-41ec-b8b8-98b786f2666a'::uuid,'test',0,'2025-11-26 17:27:06.138492+07',0,'2025-11-26 17:27:06.138492+07','2025-11-26 17:27:57.231735+07',0);
INSERT INTO "Index"."UnitOfMeasure" ("Id","Name","CreatedBy","CreatedOn","LastModifiedBy","LastModifiedOn","DeletedOn","DeletedBy") VALUES
	 ('f3061380-77d1-49a6-bb69-87db7add84fe'::uuid,'test',0,'2025-11-26 17:45:05.149318+07',0,'2025-11-26 17:45:05.149318+07','2025-11-26 17:45:10.160709+07',0),
	 ('ecc511b4-924a-46ca-b62c-37dce31fcfcf'::uuid,'test',0,'2025-11-26 17:51:01.012851+07',0,'2025-11-26 17:51:01.012851+07','2025-11-26 17:51:04.851088+07',0),
	 ('642fe090-8e1b-47da-8c2e-c8f310064006'::uuid,'test',0,'2025-11-26 18:02:10.951869+07',0,'2025-11-26 18:02:10.951869+07','2025-11-26 18:10:23.812283+07',0),
	 ('74a66aeb-07df-4d89-8334-0f63d37a7315'::uuid,'test',0,'2025-11-26 18:01:58.815137+07',0,'2025-11-26 18:01:58.815137+07','2025-11-26 18:10:23.812286+07',0),
	 ('07149f54-d749-4652-966c-d9802dc39145'::uuid,'test',0,'2025-11-26 18:18:17.526436+07',0,'2025-11-26 18:18:17.526436+07','2025-11-26 18:19:20.589848+07',0),
	 ('df8a9287-f84c-4821-beb4-3e8ae3f8933d'::uuid,'test',0,'2025-11-26 18:19:04.016185+07',0,'2025-11-26 18:19:04.016185+07','2025-11-26 18:19:20.589859+07',0),
	 ('1d2f38f4-87c7-4864-a7db-27c89dd48617'::uuid,'test',0,'2025-11-26 18:18:43.039367+07',0,'2025-11-26 18:18:43.039367+07','2025-11-26 18:20:47.61199+07',0),
	 ('2a84fcf5-12f7-403b-8cfd-0c18f0315260'::uuid,'test',0,'2025-11-26 18:18:27.26376+07',0,'2025-11-26 18:18:27.26376+07','2025-11-26 18:20:47.611994+07',0),
	 ('2cd67b4b-3014-4da4-b2a1-ef1699cec63d'::uuid,'test',0,'2025-11-26 18:18:23.098461+07',0,'2025-11-26 18:18:23.098461+07','2025-11-26 18:20:47.611995+07',0),
	 ('33181002-b2b6-4966-81ba-cfc0ccb878d4'::uuid,'test',0,'2025-11-26 18:18:36.373337+07',0,'2025-11-26 18:18:36.373338+07','2025-11-26 18:20:47.611995+07',0),
	 ('b17b29a8-697d-49b0-9040-065fe6640a72'::uuid,'test',0,'2025-11-26 18:18:49.640699+07',0,'2025-11-26 18:18:49.640699+07','2025-11-26 18:20:47.611996+07',0),
	 ('c5b90963-3dde-490e-b387-d254a60be0a1'::uuid,'test',0,'2025-11-26 18:18:46.355222+07',0,'2025-11-26 18:18:46.355222+07','2025-11-26 18:20:47.611997+07',0),
	 ('c619de97-8f37-4620-976f-abba4c5dcfd2'::uuid,'test',0,'2025-11-26 18:18:39.289917+07',0,'2025-11-26 18:18:39.289917+07','2025-11-26 18:20:47.611997+07',0),
	 ('cc52d93c-57b3-4df9-98dd-c025a8bf8def'::uuid,'test',0,'2025-11-26 18:18:53.493648+07',0,'2025-11-26 18:18:53.493648+07','2025-11-26 18:20:47.611998+07',0),
	 ('f07260f4-c08e-4d8d-8ece-c59854e7f6d4'::uuid,'test',0,'2025-11-26 18:18:32.600074+07',0,'2025-11-26 18:18:32.600074+07','2025-11-26 18:20:47.611999+07',0),
	 ('f5e4315c-66f1-48bb-b228-1935f03eefe7'::uuid,'test',0,'2025-11-29 17:35:13.470828+07',0,'2025-11-29 18:01:43.058736+07','2025-11-29 18:01:51.125637+07',0),
	 ('2de960ee-e594-4dfa-9457-bdf134879eb3'::uuid,'test',0,'2025-11-26 18:21:05.373756+07',0,'2025-11-26 18:28:54.619814+07','2025-11-26 18:41:15.931905+07',0),
	 ('25416f9c-d2ab-4e05-b3c1-3df2422bb440'::uuid,'test',0,'2025-11-26 18:41:22.072087+07',0,'2025-11-26 18:41:28.099374+07','2025-11-27 14:26:21.153807+07',0),
	 ('ebbfd510-d949-470f-b6a7-f628cb22ff80'::uuid,'test',0,'2025-11-27 00:00:41.255788+07',0,'2025-11-27 00:00:41.255788+07','2025-11-27 14:26:21.154152+07',0),
	 ('ec5c2fd3-06df-4913-827c-f9e9a2387991'::uuid,'test',0,'2025-11-29 01:00:04.292198+07',0,'2025-11-29 01:00:04.292198+07','2025-11-29 01:00:13.392905+07',0);
INSERT INTO "Index"."UnitOfMeasure" ("Id","Name","CreatedBy","CreatedOn","LastModifiedBy","LastModifiedOn","DeletedOn","DeletedBy") VALUES
	 ('4f2f5a47-ec8e-4f79-a88f-167acf533c43'::uuid,'demo',0,'2025-11-29 01:00:31.791942+07',0,'2025-11-29 01:08:12.419946+07','2025-11-29 01:47:01.168991+07',0),
	 ('cbe4e127-7bc4-48d7-a128-69a0f318d9bf'::uuid,'test',0,'2025-11-29 01:22:21.483024+07',0,'2025-11-29 01:22:21.483024+07','2025-11-29 01:47:01.169003+07',0),
	 ('104beba7-4b4b-4f8b-9936-9e90c1e95f4d'::uuid,'test',0,'2025-11-29 02:21:53.342321+07',0,'2025-11-29 02:21:53.342321+07','2025-11-29 02:22:14.910663+07',0),
	 ('f4bc2416-f3c2-4862-a8e9-769d63f3b2ae'::uuid,'demo',0,'2025-11-29 02:31:31.81263+07',0,'2025-11-29 02:31:44.879235+07','2025-11-29 17:33:20.979007+07',0),
	 ('98151c2c-d36c-4629-afdb-a7541f6ae97d'::uuid,'tấn',0,'2025-12-02 09:56:52.031962+07',0,'2025-12-02 09:56:52.031963+07','2025-12-02 09:56:56.965527+07',0),
	 ('f3d15be4-1600-4b35-b432-48a8e6053712'::uuid,'GLEN Learn offers personalized and immersive English learning for young English learners. Some key features of GLEN Learn:   Guided lessons to take kids from “zero to reading” with no assumption on prior English knowledge Follows Instructed Second Language Acquisition (ISLA) research best practices Targets the fundamental skills required for literacy: meaning of words, recognition of sounds, and recognition of spelling Content modules reinforce each other as they target fundamental skills Built-in adaptive assessments and skill strengthening  for personalized learning Includes illustrated and narrated storybooks in English and Spanish, and playful rhymes for kids to enjoy Closely aligned with school-readiness standards such as Kindergarten Student Entrance Profile (KSEP) and Desired Results Developmental Profile (DRDP) Free, no ads, no in-app purchases, privacy-preserving Full control over user account: easy steps to delete account if needed',0,'2025-11-29 22:51:45.076022+07',0,'2025-11-29 22:51:45.076022+07','2025-11-29 23:11:44.010151+07',0),
	 ('c55076bb-caa0-420b-ae93-0da6b24db3e2'::uuid,'Demo09',0,'2025-11-29 22:43:57.284968+07',0,'2025-11-29 22:48:22.860292+07','2025-11-29 23:12:15.017396+07',0),
	 ('1464e8f1-2cda-4a2f-ab48-a1d8d264261d'::uuid,'demo01',0,'2025-11-29 22:43:19.603235+07',0,'2025-11-29 22:43:19.603235+07','2025-11-29 23:13:55.925074+07',0),
	 ('4a549827-0221-46ad-9706-66c8d72b8149'::uuid,'demo00',0,'2025-11-29 22:43:41.024063+07',0,'2025-11-29 22:43:41.024063+07','2025-11-29 23:13:55.925076+07',0),
	 ('abbc4f76-fa9c-49fd-a830-a403046e6786'::uuid,'m3',0,'2025-11-18 21:47:36.065+07',0,'2025-11-18 21:47:36.065+07','2025-11-29 23:13:55.925077+07',0),
	 ('fa2ecec2-bfcd-46cf-89de-e31693ddd1dc'::uuid,'cầu 01',0,'2025-11-29 23:12:44.696098+07',0,'2025-11-29 23:12:44.696098+07','2025-11-29 23:14:54.735899+07',0),
	 ('29d0e37b-498c-4408-b927-3688d518a696'::uuid,'m3',0,'2025-11-29 23:15:10.970229+07',0,'2025-11-29 23:15:10.970229+07',NULL,NULL),
	 ('d9fc9440-1602-4db1-bdf7-026a3d7b52db'::uuid,'demo',0,'2025-11-29 18:01:58.005732+07',0,'2025-11-29 18:01:58.005732+07','2025-11-29 23:25:57.818027+07',0),
	 ('7f1d448f-e02a-4f4d-bc96-fd4ce15d0b7d'::uuid,'""',0,'2025-12-01 11:31:17.699706+07',0,'2025-12-01 11:31:17.699706+07','2025-12-01 11:52:53.133598+07',0),
	 ('d78aac87-f401-4191-96d6-d43677b45847'::uuid,'demo001',0,'2025-12-01 14:26:11.040271+07',0,'2025-12-01 14:26:11.040272+07','2025-12-01 14:34:40.889114+07',0),
	 ('dd619c18-854b-4bca-b3f6-a3ccbbaec76a'::uuid,'ok',0,'2025-12-02 00:11:26.579995+07',0,'2025-12-02 00:11:26.579995+07','2025-12-02 00:11:39.922274+07',0),
	 ('83ad976a-9914-4c42-810c-3ef8638f940a'::uuid,'demo',0,'2025-12-01 11:53:00.053557+07',0,'2025-12-01 11:53:00.053557+07','2025-12-02 09:57:03.181345+07',0),
	 ('aa2e5564-d33d-44a7-b03e-7abf86243774'::uuid,'kWh',0,'2025-12-03 20:56:15.256209+07',0,'2025-12-03 20:56:15.256209+07',NULL,NULL),
	 ('5e623fec-c7f3-434c-bae1-e65ed078120f'::uuid,'1',0,'2025-12-03 21:01:19.246512+07',0,'2025-12-03 21:01:19.246512+07','2025-12-03 21:01:25.966941+07',0),
	 ('f3f030ee-d352-4783-a381-d9123f2cc263'::uuid,'demo-đvt',0,'2025-12-03 11:05:31.092801+07',0,'2025-12-03 16:20:07.744486+07','2025-12-03 20:25:47.42626+07',0);
INSERT INTO "Index"."UnitOfMeasure" ("Id","Name","CreatedBy","CreatedOn","LastModifiedBy","LastModifiedOn","DeletedOn","DeletedBy") VALUES
	 ('3aadd27b-07a5-498f-b690-1951b33c157f'::uuid,'đồng',0,'2025-12-03 20:48:34.148105+07',0,'2025-12-03 20:48:34.148105+07',NULL,NULL),
	 ('93ab61ce-4e8f-417e-9b85-faea955fc645'::uuid,'cặp',0,'2025-12-04 10:54:42.354089+07',0,'2025-12-04 10:54:42.354089+07',NULL,NULL),
	 ('d4dc7315-6d04-4f4e-8a25-918232643685'::uuid,'demo',0,'2025-12-04 03:31:16.106834+07',0,'2025-12-04 03:31:33.906312+07','2025-12-10 14:11:39.522304+07',0),
	 ('01f871df-3563-45d0-8955-720e7adfe61a'::uuid,'hallo',0,'2025-12-12 10:56:43.381237+07',0,'2025-12-12 10:56:43.381237+07','2025-12-16 10:30:46.581717+07',0),
	 ('fa53785b-9bd4-4ca2-abb7-24b18ad348c4'::uuid,'goo67',0,'2025-12-12 10:59:49.48932+07',0,'2025-12-12 10:59:49.48932+07','2025-12-16 10:30:46.582032+07',0);


INSERT INTO "Index"."AssignmentCode" ("Id","Name","UnitOfMeasureId","CreatedBy","CreatedOn","LastModifiedBy","LastModifiedOn","DeletedOn","DeletedBy","CodeId") VALUES
	 ('a03a722d-06e1-4011-8263-3f967671f980'::uuid,'Vật tư khác ','f35c84d6-dedc-4eb9-bd06-b8c330bba849'::uuid,0,'2025-12-04 11:37:49.841002+07',0,'2025-12-04 11:37:49.841002+07','2025-12-10 13:50:51.826608+07',0,'938c35d2-f793-4ab0-8093-063e55609651'::uuid),
	 ('89c68530-fefa-428c-b4d4-c1d553a65e69'::uuid,'Gỗ lò','29d0e37b-498c-4408-b927-3688d518a696'::uuid,0,'2025-12-04 11:34:31.74609+07',0,'2025-12-04 11:34:31.74609+07',NULL,NULL,'d1c49de6-0cd7-4250-b296-53b79875f6e0'::uuid),
	 ('5671f47f-31c7-4cfa-98f7-461bfd8ec2fa'::uuid,'Vật liệu nổ',NULL,0,'2025-12-04 11:34:47.750819+07',0,'2025-12-04 11:34:47.750819+07',NULL,NULL,'aa1730ac-20f7-4154-bdf7-cba6f8a66bb6'::uuid),
	 ('46e1247c-8757-4a80-84cf-0040fcb6ba3b'::uuid,'Mũi  khoan than','ee809610-2a9a-48fc-8b55-78e2401b3947'::uuid,0,'2025-12-04 11:35:08.887893+07',0,'2025-12-04 11:35:08.887893+07',NULL,NULL,'dfe52ff8-05e9-48c0-84ab-61fdb879e0db'::uuid),
	 ('56fbdbc2-712a-4f68-b397-6c0ab394a6ee'::uuid,'Choòng khoan than','744324ad-fc9c-4da4-87dd-8d72cf9e81d5'::uuid,0,'2025-12-04 11:35:22.9226+07',0,'2025-12-04 11:35:22.9226+07',NULL,NULL,'effcbdb5-40ae-460b-ab8a-68b28e4a09e4'::uuid),
	 ('16b5d5b7-941d-4e34-a11c-16ede686bdc9'::uuid,'Vì chống thép CPII 22/17/27','ba6f2b2f-4b53-4ca9-9ace-1b85699bf6df'::uuid,0,'2025-12-04 11:36:48.187269+07',0,'2025-12-04 11:36:48.187269+07',NULL,NULL,'7c14cfaf-46ea-464b-a0b6-3240d500f7cf'::uuid),
	 ('5038a360-1738-4307-adeb-861007ef8a22'::uuid,'Gông mối nối CPII 22/17/27','04d3c9c0-7a60-4da7-87d5-1f4cf6ce55e1'::uuid,0,'2025-12-04 11:37:05.902714+07',0,'2025-12-04 11:37:05.902714+07',NULL,NULL,'58674da4-8838-48ac-9023-1acea01602f1'::uuid),
	 ('6443c1b3-7ceb-4f15-aa6d-19b6f9dacfce'::uuid,'Văng thép',NULL,0,'2025-12-04 11:37:19.064684+07',0,'2025-12-04 11:37:19.064684+07',NULL,NULL,'6abe1e64-a7c0-4176-9fcd-177a22b386b0'::uuid),
	 ('94dd7c1f-8fd8-40c3-9ec5-77c079353faa'::uuid,'Tấm chèn thép','7e38832b-c384-4fab-8240-d45bb420e9db'::uuid,0,'2025-12-04 11:38:15.446213+07',0,'2025-12-04 11:38:15.446213+07','2025-12-04 11:38:56.737836+07',0,'26e3abb5-b033-466b-b86b-2a8a1255ab7b'::uuid),
	 ('bec97d3b-bf69-4136-b3e4-05a6a205c11f'::uuid,'DMO-MGK',NULL,0,'2025-12-04 14:47:27.688157+07',0,'2025-12-04 14:47:27.688158+07','2025-12-04 14:47:56.756553+07',0,'b52de1f0-563a-421f-b0d6-9500fcd9d483'::uuid),
	 ('f831452f-3892-492b-9a86-ae27210cace9'::uuid,'Máng trượt','7e38832b-c384-4fab-8240-d45bb420e9db'::uuid,0,'2025-12-14 22:10:20.496034+07',0,'2025-12-14 22:10:20.496035+07',NULL,NULL,'3e4ce36b-93ff-4e70-a0a0-aa9e36553e7c'::uuid);


INSERT INTO "Index"."Material" ("Id","Name","AssigmentCodeId","UnitOfMeasureId","CreatedBy","CreatedOn","LastModifiedBy","LastModifiedOn","DeletedOn","DeletedBy","CodeId","MaterialType") VALUES
	 ('431eca4c-bddb-4650-a195-1934ed36f10d'::uuid,'Gông mối nối CPII 22/17/27','5038a360-1738-4307-adeb-861007ef8a22'::uuid,'04d3c9c0-7a60-4da7-87d5-1f4cf6ce55e1'::uuid,0,'2025-12-04 11:56:33.109456+07',0,'2025-12-04 11:56:33.109456+07',NULL,NULL,'ea323a98-975e-416c-b24c-12d129faac3a'::uuid,1),
	 ('39716971-04ba-4c0d-8a74-cc20cc9d5a42'::uuid,'Vật tư tài sản trong khoán','6443c1b3-7ceb-4f15-aa6d-19b6f9dacfce'::uuid,'d4dc7315-6d04-4f4e-8a25-918232643685'::uuid,0,'2025-12-10 10:35:44.271516+07',0,'2025-12-10 10:39:18.401753+07','2025-12-10 14:11:39.522314+07',0,'7f742537-ee6b-4974-8c9c-4bb837f09bf3'::uuid,1),
	 ('b2842aee-5deb-4488-8d98-36f2e253770a'::uuid,'demo','5671f47f-31c7-4cfa-98f7-461bfd8ec2fa'::uuid,'93ab61ce-4e8f-417e-9b85-faea955fc645'::uuid,0,'2025-12-11 09:52:14.399446+07',0,'2025-12-11 09:52:14.399447+07',NULL,NULL,'ea919497-a52f-40b5-b193-03f9871015b1'::uuid,2),
	 ('8b774a68-59ba-4e71-91c2-14f30ba832c0'::uuid,'Máng trượt đồng','f831452f-3892-492b-9a86-ae27210cace9'::uuid,'7e38832b-c384-4fab-8240-d45bb420e9db'::uuid,0,'2025-12-14 22:11:40.753194+07',0,'2025-12-14 22:11:40.753194+07',NULL,NULL,'7d7d9943-bac7-4f65-9353-099e08dbce15'::uuid,1),
	 ('41109446-19b8-4dd0-b80a-2317dd96ffaa'::uuid,'Gỗ trụ(Khung chống)','89c68530-fefa-428c-b4d4-c1d553a65e69'::uuid,NULL,0,'2025-12-04 11:45:04.715931+07',0,'2025-12-04 11:45:04.715931+07',NULL,NULL,'54555238-bb30-412e-9ec4-2f4e4b50e1cf'::uuid,1),
	 ('161d648a-07dd-409f-aeb3-161bff2e5b70'::uuid,'Pin gỗ','89c68530-fefa-428c-b4d4-c1d553a65e69'::uuid,NULL,0,'2025-12-04 11:45:53.311862+07',0,'2025-12-04 11:45:53.311862+07',NULL,NULL,'96a5d13d-a954-485c-9456-f596160c1781'::uuid,1),
	 ('11aa969c-1ac5-4355-b103-0bd389794817'::uuid,'Gỗ chèn','89c68530-fefa-428c-b4d4-c1d553a65e69'::uuid,NULL,0,'2025-12-04 11:46:27.869561+07',0,'2025-12-04 11:46:27.869562+07',NULL,NULL,'760ec7ca-2c5c-4f54-9016-5ffd3efc50bc'::uuid,1),
	 ('a4aba258-9a72-4ec0-9201-a49a736671a7'::uuid,'Thuốc nổ ','5671f47f-31c7-4cfa-98f7-461bfd8ec2fa'::uuid,'4eb57f96-5294-4ef6-bb73-18115ced2fbc'::uuid,0,'2025-12-04 11:46:57.352408+07',0,'2025-12-04 11:47:11.828364+07',NULL,NULL,'93beb46a-9e43-4bb4-b9ee-4335f22c1ac1'::uuid,1),
	 ('972e8685-0593-4b6e-8e1c-7301d3e1112b'::uuid,'Kíp điện ','5671f47f-31c7-4cfa-98f7-461bfd8ec2fa'::uuid,'ee809610-2a9a-48fc-8b55-78e2401b3947'::uuid,0,'2025-12-04 11:48:30.504076+07',0,'2025-12-04 11:48:30.504076+07',NULL,NULL,'8b4a93ae-616e-4b9b-904b-09a6e5cf4a07'::uuid,1),
	 ('dd6311cd-9f06-4bfe-b0fa-bbe3ca2193e1'::uuid,'Dây điện cái','5671f47f-31c7-4cfa-98f7-461bfd8ec2fa'::uuid,'29b285ef-969c-4ea1-8dc3-f9180fbafbdc'::uuid,0,'2025-12-04 11:51:09.062518+07',0,'2025-12-04 11:51:09.062518+07',NULL,NULL,'14bb272d-a73d-4613-bc3a-e0888b19760d'::uuid,1),
	 ('1445da29-c500-4ce7-b88d-f8f433d03626'::uuid,'Dây điện cầu','5671f47f-31c7-4cfa-98f7-461bfd8ec2fa'::uuid,'29b285ef-969c-4ea1-8dc3-f9180fbafbdc'::uuid,0,'2025-12-04 11:53:20.22945+07',0,'2025-12-04 11:53:20.22945+07',NULL,NULL,'4290c9de-b7e9-4324-b9e8-9f8fb9798dc0'::uuid,1),
	 ('ed5947b5-ccee-4e2d-9362-14e1cf43936c'::uuid,'Mũi  khoan than','46e1247c-8757-4a80-84cf-0040fcb6ba3b'::uuid,'ee809610-2a9a-48fc-8b55-78e2401b3947'::uuid,0,'2025-12-04 11:54:12.525806+07',0,'2025-12-04 11:54:12.525807+07',NULL,NULL,'db33ab72-64a5-40a1-aceb-d5948beb1781'::uuid,1),
	 ('c4346b5a-7178-4453-b5cf-1ca76eae07e6'::uuid,'Choòng khoan than','56fbdbc2-712a-4f68-b397-6c0ab394a6ee'::uuid,'ee809610-2a9a-48fc-8b55-78e2401b3947'::uuid,0,'2025-12-04 11:54:44.958583+07',0,'2025-12-04 11:54:44.958583+07',NULL,NULL,'9de242cc-d947-4548-a2ff-2db109e5d3d1'::uuid,1),
	 ('d069844b-4662-4c27-b7d0-aea8c8b8be27'::uuid,'Vì chống thép CPII 22/17/27','16b5d5b7-941d-4e34-a11c-16ede686bdc9'::uuid,'ba6f2b2f-4b53-4ca9-9ace-1b85699bf6df'::uuid,0,'2025-12-04 11:55:55.222764+07',0,'2025-12-04 11:55:55.222764+07',NULL,NULL,'60a07041-b2a6-48a4-9325-87233ae1d8b5'::uuid,1),
	 ('9160cda3-776f-4cd6-87a6-3e049f5e3134'::uuid,'Máng trượt Inox','f831452f-3892-492b-9a86-ae27210cace9'::uuid,'7e38832b-c384-4fab-8240-d45bb420e9db'::uuid,0,'2025-12-14 22:12:34.453222+07',0,'2025-12-14 22:12:34.453222+07',NULL,NULL,'5659f9d9-a415-4309-bf24-1bf0b862c9f3'::uuid,1),
	 ('01e821fe-8dbc-4b9d-a304-8d78fe77b5ea'::uuid,'Văng thép','6443c1b3-7ceb-4f15-aa6d-19b6f9dacfce'::uuid,NULL,0,'2025-12-04 11:56:53.951049+07',0,'2025-12-08 16:45:30.451035+07',NULL,NULL,'a5234c1f-9165-4283-ba0c-8601e21e042f'::uuid,1),
	 ('123521ef-7b80-4a0a-a5b8-425660f3f48d'::uuid,'vật tư tài sản khác','a03a722d-06e1-4011-8263-3f967671f980'::uuid,'d4dc7315-6d04-4f4e-8a25-918232643685'::uuid,0,'2025-12-10 10:42:30.670875+07',0,'2025-12-10 10:42:30.670875+07','2025-12-10 10:43:41.022969+07',0,'23b67f00-eb4a-4d08-b6e1-9b74e8c09730'::uuid,1),
	 ('8e4d3f26-4450-41fe-a883-0ff3f9968384'::uuid,'Vật tư tài sản ngoài khoán','a03a722d-06e1-4011-8263-3f967671f980'::uuid,'d4dc7315-6d04-4f4e-8a25-918232643685'::uuid,0,'2025-12-10 10:44:15.809131+07',0,'2025-12-10 13:33:23.960779+07','2025-12-10 13:34:16.005246+07',0,'42a9dda0-5709-4182-86c6-ea0c162b8f43'::uuid,2),
	 ('61c70847-e7a6-43fa-869f-cfed0400078b'::uuid,'Vật tư khác ','a03a722d-06e1-4011-8263-3f967671f980'::uuid,'f35c84d6-dedc-4eb9-bd06-b8c330bba849'::uuid,0,'2025-12-04 11:57:23.102111+07',0,'2025-12-05 14:31:50.230101+07','2025-12-10 13:50:12.762442+07',0,'13bae147-7f15-40c7-aa42-ad7d06f7fdf9'::uuid,1),
	 ('3c7cb3f8-305d-49c2-85aa-fee7e029a6ae'::uuid,'vật tư tài sản ngoài khoán','a03a722d-06e1-4011-8263-3f967671f980'::uuid,'d4dc7315-6d04-4f4e-8a25-918232643685'::uuid,0,'2025-12-10 13:41:35.928178+07',0,'2025-12-10 13:41:35.928178+07','2025-12-10 13:50:51.826614+07',0,'d76e4507-be9f-40cf-9a5f-6493a58d40a7'::uuid,2);


INSERT INTO "Index"."Equipment" ("Id","Name","UnitOfMeasureId","CreatedBy","CreatedOn","LastModifiedBy","LastModifiedOn","DeletedOn","DeletedBy","CodeId") VALUES
	 ('ba4337cf-fa88-4462-a950-6cf9835174ed'::uuid,' Quạt gió gương 30 kw ','aa2e5564-d33d-44a7-b03e-7abf86243774'::uuid,0,'2025-12-04 13:37:35.246559+07',0,'2025-12-04 13:37:35.246559+07',NULL,NULL,'05443b0a-1033-44bd-83f0-799a3967b5fe'::uuid),
	 ('70099b46-4a1b-4791-b01d-c94f80600313'::uuid,' Quạt gió gương 45 kw ','aa2e5564-d33d-44a7-b03e-7abf86243774'::uuid,0,'2025-12-04 13:37:55.95899+07',0,'2025-12-04 13:37:55.95899+07',NULL,NULL,'6d78005c-3bbc-4526-afb6-f8897e728474'::uuid),
	 ('61357ea9-2a8d-44f9-a81b-bda12c9525e7'::uuid,' Quạt gió gương 55 kw ','aa2e5564-d33d-44a7-b03e-7abf86243774'::uuid,0,'2025-12-04 13:38:18.229834+07',0,'2025-12-04 13:38:18.229835+07',NULL,NULL,'9604136b-8b00-401f-a67d-a289293ea953'::uuid),
	 ('2a10685d-5c9b-4344-9c51-cc3fbebc5ed2'::uuid,' Bơm nước điện LTC 50/54 ','aa2e5564-d33d-44a7-b03e-7abf86243774'::uuid,0,'2025-12-04 13:38:44.939578+07',0,'2025-12-04 13:38:44.939578+07',NULL,NULL,'c8b31639-0145-495b-96fa-b68715801122'::uuid),
	 ('8ace4e3f-ef15-45a1-a4b5-fce18a628fee'::uuid,'Băng tải B650','aa2e5564-d33d-44a7-b03e-7abf86243774'::uuid,0,'2025-12-04 11:58:35.492187+07',0,'2025-12-04 11:58:35.492187+07',NULL,NULL,'20b43600-3c76-4aff-b25d-e62c92c2e457'::uuid),
	 ('8c1cf68d-bd4e-4306-b917-69516b33d348'::uuid,' Băng tải B800','aa2e5564-d33d-44a7-b03e-7abf86243774'::uuid,0,'2025-12-04 11:58:56.02416+07',0,'2025-12-04 11:58:56.02416+07',NULL,NULL,'9052e216-5336-480e-89ef-91b6675e001e'::uuid),
	 ('e0021d61-fcd4-48e2-ae2b-a310e87ecf92'::uuid,' Băng tải B1000','aa2e5564-d33d-44a7-b03e-7abf86243774'::uuid,0,'2025-12-04 11:59:22.411539+07',0,'2025-12-04 11:59:22.411539+07',NULL,NULL,'98e6616e-243e-4b71-93dd-67f8ff302a21'::uuid),
	 ('a81e9fc9-6135-47b2-8a72-05ed15f8e91f'::uuid,' Máng cào Skat 80 ','aa2e5564-d33d-44a7-b03e-7abf86243774'::uuid,0,'2025-12-04 12:00:10.250303+07',0,'2025-12-04 12:00:10.250303+07',NULL,NULL,'4b410f66-7051-4e28-915c-f4451b523fd3'::uuid),
	 ('9ddf802a-9f2d-4d95-9081-d38db7dfbfdf'::uuid,' Máng cào SGB 520/40 ','aa2e5564-d33d-44a7-b03e-7abf86243774'::uuid,0,'2025-12-04 12:00:38.170498+07',0,'2025-12-04 12:00:38.170498+07',NULL,NULL,'4ef5856a-b5c8-4263-b4e4-fd7667c41a51'::uuid),
	 ('ed040078-1d6b-4218-88f2-35353a1619ca'::uuid,' Tời JD 11,4; Tời hỗ trợ ','aa2e5564-d33d-44a7-b03e-7abf86243774'::uuid,0,'2025-12-04 12:01:03.598208+07',0,'2025-12-04 12:01:03.598208+07',NULL,NULL,'4019aac3-a6d9-4734-8209-99ad62484968'::uuid),
	 ('30bdc90b-28dd-4f13-b158-658294f799e5'::uuid,' Tời trục ','aa2e5564-d33d-44a7-b03e-7abf86243774'::uuid,0,'2025-12-04 12:01:22.073112+07',0,'2025-12-04 12:01:22.073113+07',NULL,NULL,'41da95c8-ebff-48b7-b3d3-cb906f1f200d'::uuid),
	 ('3e8825bd-e3b2-41c1-882a-d1a2381a6160'::uuid,'Quạt gió gương 5,5 kw ','aa2e5564-d33d-44a7-b03e-7abf86243774'::uuid,0,'2025-12-04 12:01:54.543775+07',0,'2025-12-04 12:01:54.543775+07',NULL,NULL,'7cf5876a-452b-4081-ba86-18cc4a932f70'::uuid),
	 ('d9e83903-592e-4859-b7ef-3c1ba827856e'::uuid,' Quạt gió gương 7,5 kw ','aa2e5564-d33d-44a7-b03e-7abf86243774'::uuid,0,'2025-12-04 12:02:26.852717+07',0,'2025-12-04 12:02:26.852717+07',NULL,NULL,'b23548c6-c7e0-48a1-9223-f73f5de7d00b'::uuid),
	 ('e8682ba4-0c48-47e0-a115-864c4deea856'::uuid,' Quạt gió gương 22 kw ','aa2e5564-d33d-44a7-b03e-7abf86243774'::uuid,0,'2025-12-04 12:03:02.935674+07',0,'2025-12-04 12:03:02.935674+07',NULL,NULL,'621f14cc-2ad8-43ba-8b51-c3a96614cf7a'::uuid),
	 ('e7fef1b8-15e7-4455-8812-91e34dd7a56e'::uuid,' Máy xúc mini phòng nổ KCMSU-1,  ','aa2e5564-d33d-44a7-b03e-7abf86243774'::uuid,0,'2025-12-04 13:40:28.919582+07',0,'2025-12-04 13:40:28.919582+07',NULL,NULL,'41a1d1c0-84c8-4369-b52a-a4c5fae6a957'::uuid),
	 ('8d654196-2b84-4838-9cc6-488b1929e159'::uuid,' Máy xúc than hầm lò ML-01-0.3 ','aa2e5564-d33d-44a7-b03e-7abf86243774'::uuid,0,'2025-12-04 13:41:02.820849+07',0,'2025-12-04 13:41:02.820849+07',NULL,NULL,'ea0a0588-e312-4bab-b6c1-bc5608f4f0bc'::uuid),
	 ('1697aba1-3d53-4df4-99f8-e4a80e8ed900'::uuid,' Bơm nước điện LTC 140/150 ','aa2e5564-d33d-44a7-b03e-7abf86243774'::uuid,0,'2025-12-04 13:39:06.962444+07',0,'2025-12-04 13:41:54.821633+07',NULL,NULL,'365b892a-f7b7-48c3-b018-347b52e9c061'::uuid),
	 ('b3423d44-31a7-4860-a51a-600d3d7162e3'::uuid,' Tời cào 2 tang (2JPB15) ','aa2e5564-d33d-44a7-b03e-7abf86243774'::uuid,0,'2025-12-04 13:41:46.254505+07',0,'2025-12-04 13:42:02.804692+07',NULL,NULL,'54c5c17d-a096-485d-a7eb-03ce811f5121'::uuid),
	 ('8f0270e9-18cb-4dcd-b297-49043c45c97e'::uuid,'Máy xúc lật hông ZCY-60, VMC E500-1 ','aa2e5564-d33d-44a7-b03e-7abf86243774'::uuid,0,'2025-12-04 13:40:03.297434+07',0,'2025-12-04 13:42:16.416309+07',NULL,NULL,'5a4902bc-ce87-4de6-8239-0c0336155428'::uuid),
	 ('e10ba96f-0147-43af-a412-1179cd8cb9d8'::uuid,' Máy xúc đá P-60B ','aa2e5564-d33d-44a7-b03e-7abf86243774'::uuid,0,'2025-12-04 13:41:20.236818+07',0,'2025-12-09 10:27:12.716669+07',NULL,NULL,'a584b9cf-b99e-47c3-8f01-5b8a6bb7276e'::uuid);



INSERT INTO "Index"."Part" ("Id","Name","UnitOfMeasureId","EquipmentId","CreatedBy","CreatedOn","LastModifiedBy","LastModifiedOn","DeletedOn","DeletedBy","CodeId") VALUES
	 ('f7489b7b-7a0c-451a-b255-af622bb771fa'::uuid,'Bạc các loại bơm LT50-54 ','04d3c9c0-7a60-4da7-87d5-1f4cf6ce55e1'::uuid,'2a10685d-5c9b-4344-9c51-cc3fbebc5ed2'::uuid,0,'2025-12-04 13:45:21.683402+07',0,'2025-12-04 13:45:21.683402+07','2025-12-04 14:14:17.1207+07',0,'5d735386-634f-473e-aaef-62894a2ce0f3'::uuid),
	 ('e9285763-6272-4240-b9fb-745715e71bde'::uuid,'Ruột bơm LT50-54 (gồm cả trục bơm chế tạo bằng SUS316)','04d3c9c0-7a60-4da7-87d5-1f4cf6ce55e1'::uuid,'2a10685d-5c9b-4344-9c51-cc3fbebc5ed2'::uuid,0,'2025-12-04 13:46:32.132607+07',0,'2025-12-04 13:46:32.132607+07','2025-12-04 14:14:24.298254+07',0,'cdf09c56-79ec-489e-b74b-1c3a775a1ddf'::uuid),
	 ('e00f2c83-f22d-44e5-9843-1dd6e3b6c17c'::uuid,'Vật tư khác','f35c84d6-dedc-4eb9-bd06-b8c330bba849'::uuid,'2a10685d-5c9b-4344-9c51-cc3fbebc5ed2'::uuid,0,'2025-12-04 14:22:40.710716+07',0,'2025-12-04 14:22:40.710716+07',NULL,NULL,'43977632-8b2a-4fa3-bec7-a1c9152d2ac4'::uuid),
	 ('e9787447-ec95-4ad1-9b19-53193a0f16c7'::uuid,'Dầu cominluB SAE 40HD','ff8b81d9-1d51-4899-b749-be34a7d8d365'::uuid,'2a10685d-5c9b-4344-9c51-cc3fbebc5ed2'::uuid,0,'2025-12-04 14:21:31.216632+07',0,'2025-12-04 14:23:02.067231+07',NULL,NULL,'864cfec1-43f8-4d36-8e6b-de96377e0b54'::uuid),
	 ('782c9618-e1be-4465-948e-649d253b2e92'::uuid,'Mỡ Lithium L3','4eb57f96-5294-4ef6-bb73-18115ced2fbc'::uuid,'2a10685d-5c9b-4344-9c51-cc3fbebc5ed2'::uuid,0,'2025-12-04 14:21:16.172186+07',0,'2025-12-04 14:23:16.579149+07',NULL,NULL,'6396cd09-6dd4-4e78-a473-ae76f6970f33'::uuid),
	 ('01b08968-390d-4cfe-8bce-3dfc939dd0cc'::uuid,'Động cơ điện 15kw','ee809610-2a9a-48fc-8b55-78e2401b3947'::uuid,'2a10685d-5c9b-4344-9c51-cc3fbebc5ed2'::uuid,0,'2025-12-04 14:21:00.54941+07',0,'2025-12-04 14:23:31.474765+07',NULL,NULL,'27b7b956-b106-4d42-9137-1d4b4bbb7a20'::uuid),
	 ('73bfb7ff-436f-4768-a4e9-3030d43cc030'::uuid,'Van nước 2 chiều mặt bích phi 100','ee809610-2a9a-48fc-8b55-78e2401b3947'::uuid,'2a10685d-5c9b-4344-9c51-cc3fbebc5ed2'::uuid,0,'2025-12-04 14:20:44.806988+07',0,'2025-12-04 14:23:53.105538+07',NULL,NULL,'67e16bbf-901f-4fe1-8d80-878a7c2f59f9'::uuid),
	 ('1aa02c18-a116-4701-a787-f82ddfe6c1bc'::uuid,'Rọ bơm Inox mặt bích DN80','ee809610-2a9a-48fc-8b55-78e2401b3947'::uuid,'2a10685d-5c9b-4344-9c51-cc3fbebc5ed2'::uuid,0,'2025-12-04 14:20:29.4813+07',0,'2025-12-04 14:24:06.609677+07',NULL,NULL,'34c8a582-2b5c-4a3a-a587-654d89095fca'::uuid),
	 ('477e1a13-c177-4db4-8192-80dde7586beb'::uuid,'Vòng bi 6309','c8bd06e6-47ea-414c-ba13-16485e275352'::uuid,'2a10685d-5c9b-4344-9c51-cc3fbebc5ed2'::uuid,0,'2025-12-04 14:20:14.525962+07',0,'2025-12-04 14:24:25.131144+07',NULL,NULL,'3a81b367-87d0-4521-8bd1-bec437650d3c'::uuid),
	 ('f4592240-ea80-4b1c-81a6-0a5fa0b859ec'::uuid,'Vòng bi 6307','c8bd06e6-47ea-414c-ba13-16485e275352'::uuid,'2a10685d-5c9b-4344-9c51-cc3fbebc5ed2'::uuid,0,'2025-12-04 14:19:57.287713+07',0,'2025-12-04 14:24:38.300547+07',NULL,NULL,'d3a662f6-5e45-453c-96af-8c136ad5b967'::uuid),
	 ('74aeedef-835a-4da9-8500-febfaff397f3'::uuid,'Vòng bi 6310','c8bd06e6-47ea-414c-ba13-16485e275352'::uuid,'2a10685d-5c9b-4344-9c51-cc3fbebc5ed2'::uuid,0,'2025-12-04 14:19:37.756983+07',0,'2025-12-04 14:24:52.349212+07',NULL,NULL,'ce35e739-83a2-48b0-9648-4e5366d94deb'::uuid),
	 ('cd261176-5f72-4734-8f39-a0784449b40e'::uuid,'Ống hút bơm LT50-54','ee809610-2a9a-48fc-8b55-78e2401b3947'::uuid,'2a10685d-5c9b-4344-9c51-cc3fbebc5ed2'::uuid,0,'2025-12-04 14:19:23.245849+07',0,'2025-12-04 14:25:09.452503+07',NULL,NULL,'701212ec-95c1-415d-a93c-a5e9aa52af9e'::uuid),
	 ('3c1fb935-c707-4c7f-9f0a-2a986e9f6891'::uuid,'Bệ bơm LT50/54','ee809610-2a9a-48fc-8b55-78e2401b3947'::uuid,'2a10685d-5c9b-4344-9c51-cc3fbebc5ed2'::uuid,0,'2025-12-04 14:19:12.063425+07',0,'2025-12-04 14:25:21.989473+07',NULL,NULL,'2c4e1432-efa9-47e9-bb15-1ba7eb20f171'::uuid),
	 ('138ddcd2-825f-4a3f-8dd0-f12d6e2ad512'::uuid,'Trục bơm LT50-54','04d3c9c0-7a60-4da7-87d5-1f4cf6ce55e1'::uuid,'2a10685d-5c9b-4344-9c51-cc3fbebc5ed2'::uuid,0,'2025-12-04 14:19:01.056191+07',0,'2025-12-04 14:25:37.499693+07',NULL,NULL,'5d288c13-c965-4a4c-956e-a5ecd175b31b'::uuid),
	 ('c24f7f03-99f4-4e9b-89ae-00820548778c'::uuid,'Bộ vỏ bơm LT50-54','04d3c9c0-7a60-4da7-87d5-1f4cf6ce55e1'::uuid,'2a10685d-5c9b-4344-9c51-cc3fbebc5ed2'::uuid,0,'2025-12-04 14:18:45.589402+07',0,'2025-12-04 14:25:50.863756+07',NULL,NULL,'52cfff38-2ee7-49b4-a6ad-8ee7cda956d3'::uuid),
	 ('fdc0e70e-9175-4e2f-a0f2-b6fe54c737d8'::uuid,'Ruột bơm LT50-54','04d3c9c0-7a60-4da7-87d5-1f4cf6ce55e1'::uuid,'2a10685d-5c9b-4344-9c51-cc3fbebc5ed2'::uuid,0,'2025-12-04 14:18:32.376642+07',0,'2025-12-04 14:26:04.292915+07',NULL,NULL,'f0a5ae16-1078-423d-b382-e62480dcb385'::uuid),
	 ('14c0e7e7-7626-46c5-b250-19949ea517fb'::uuid,'Bạc các loại bơm LT50-54','04d3c9c0-7a60-4da7-87d5-1f4cf6ce55e1'::uuid,'2a10685d-5c9b-4344-9c51-cc3fbebc5ed2'::uuid,0,'2025-12-04 14:18:19.79896+07',0,'2025-12-04 14:26:18.192493+07',NULL,NULL,'fa90ff06-03a4-44d0-a305-3b4fed999522'::uuid),
	 ('093564df-980a-43da-b694-9cf2462f725b'::uuid,'PT-01','d4dc7315-6d04-4f4e-8a25-918232643685'::uuid,'e10ba96f-0147-43af-a412-1179cd8cb9d8'::uuid,0,'2025-12-08 17:20:29.516718+07',0,'2025-12-08 23:54:24.547135+07','2025-12-10 14:11:39.522319+07',0,'07885e81-cf5d-4c56-95b0-98c352c3d4cb'::uuid);


INSERT INTO "Index"."Cost" ("Id","StartDate","EndDate","CostType","Amount","PartId","MaterialId","EquipmentId","CreatedBy","CreatedOn","LastModifiedBy","LastModifiedOn","DeletedOn","DeletedBy") VALUES
	 ('3b87f00a-bca0-4b89-9171-de85c1a053a8'::uuid,'2025-12-04 07:00:00+07','2026-01-10 07:00:00+07',3,50000.0,NULL,'a4aba258-9a72-4ec0-9201-a49a736671a7'::uuid,NULL,0,'2025-12-04 11:46:57.352417+07',0,'2025-12-04 11:46:57.352417+07','2025-12-04 11:47:11.814944+07',0),
	 ('32298535-610a-46fb-948e-648ac18b8f4c'::uuid,'2025-12-04 07:00:00+07','2026-01-11 07:00:00+07',2,1830.0,NULL,NULL,'1697aba1-3d53-4df4-99f8-e4a80e8ed900'::uuid,0,'2025-12-04 13:39:06.962449+07',0,'2025-12-04 13:39:06.962449+07','2025-12-04 13:41:54.748269+07',0),
	 ('469b9e0a-b6b6-469e-863c-020de6db9826'::uuid,'2025-12-04 07:00:00+07','2026-01-11 07:00:00+07',2,1830.0,NULL,NULL,'b3423d44-31a7-4860-a51a-600d3d7162e3'::uuid,0,'2025-12-04 13:41:46.25451+07',0,'2025-12-04 13:41:46.25451+07','2025-12-04 13:42:02.795273+07',0),
	 ('756659f1-235a-4839-a498-df75b65730eb'::uuid,'2025-12-04 07:00:00+07','2026-01-11 07:00:00+07',2,1830.0,NULL,NULL,'e10ba96f-0147-43af-a412-1179cd8cb9d8'::uuid,0,'2025-12-04 13:41:20.236822+07',0,'2025-12-04 13:41:20.236822+07','2025-12-04 13:42:10.855058+07',0),
	 ('6db8711a-ca8e-44e1-800d-43ca3a233883'::uuid,'2025-12-04 07:00:00+07','2026-01-11 07:00:00+07',2,1830.0,NULL,NULL,'8f0270e9-18cb-4dcd-b297-49043c45c97e'::uuid,0,'2025-12-04 13:40:03.297438+07',0,'2025-12-04 13:40:03.297438+07','2025-12-04 13:42:16.330637+07',0),
	 ('b10ddcef-5e36-4079-84f4-8702d493eabd'::uuid,'2025-12-04 07:00:00+07','2026-01-11 07:00:00+07',1,5068000.0,'f7489b7b-7a0c-451a-b255-af622bb771fa'::uuid,NULL,NULL,0,'2025-12-04 13:45:21.683408+07',0,'2025-12-04 13:45:21.683408+07','2025-12-04 14:14:17.120702+07',0),
	 ('bec527a2-d55e-4d27-8e63-56964f8291e6'::uuid,'2025-12-04 07:00:00+07','2026-01-11 07:00:00+07',1,18800000,'e9285763-6272-4240-b9fb-745715e71bde'::uuid,NULL,NULL,0,'2025-12-04 13:46:32.132612+07',0,'2025-12-04 13:46:32.132612+07','2025-12-04 14:14:24.298257+07',0),
	 ('8b2d6dfc-c8be-43fb-afac-c6c1e77db687'::uuid,'2025-12-02 07:00:00+07','2026-12-02 07:00:00+07',1,445000.0,'74aeedef-835a-4da9-8500-febfaff397f3'::uuid,NULL,NULL,0,'2025-12-04 14:19:37.756988+07',0,'2025-12-04 14:19:37.756988+07','2025-12-04 14:24:52.328262+07',0),
	 ('03e692c1-97c8-4607-bd6b-5ef855b9c3e5'::uuid,'2025-12-02 07:00:00+07','2026-12-02 07:00:00+07',1,4550000.0,'cd261176-5f72-4734-8f39-a0784449b40e'::uuid,NULL,NULL,0,'2025-12-04 14:19:23.245861+07',0,'2025-12-04 14:19:23.245861+07','2025-12-04 14:25:09.381685+07',0),
	 ('1a224c86-2960-4cc6-b7dd-b78dad30b506'::uuid,'2025-12-02 07:00:00+07','2026-12-02 07:00:00+07',1,1135182.0,'3c1fb935-c707-4c7f-9f0a-2a986e9f6891'::uuid,NULL,NULL,0,'2025-12-04 14:19:12.063436+07',0,'2025-12-04 14:19:12.063436+07','2025-12-04 14:25:21.851395+07',0),
	 ('4c56d4db-42ef-45a3-a111-10a77a967aff'::uuid,'2025-12-02 07:00:00+07','2026-12-02 07:00:00+07',1,4888000.0,'138ddcd2-825f-4a3f-8dd0-f12d6e2ad512'::uuid,NULL,NULL,0,'2025-12-04 14:19:01.056214+07',0,'2025-12-04 14:19:01.056214+07','2025-12-04 14:25:37.487104+07',0),
	 ('b41d7787-4f56-4334-bf38-114bdb5b98e8'::uuid,'2025-12-02 07:00:00+07','2026-12-02 07:00:00+07',1,15735000,'c24f7f03-99f4-4e9b-89ae-00820548778c'::uuid,NULL,NULL,0,'2025-12-04 14:18:45.589408+07',0,'2025-12-04 14:18:45.589408+07','2025-12-04 14:25:50.854631+07',0),
	 ('3553a9df-ea8b-4fcf-8485-9387f62f1aac'::uuid,'2025-12-02 07:00:00+07','2026-12-02 07:00:00+07',1,18800000,'fdc0e70e-9175-4e2f-a0f2-b6fe54c737d8'::uuid,NULL,NULL,0,'2025-12-04 14:18:32.376647+07',0,'2025-12-04 14:18:32.376647+07','2025-12-04 14:26:04.233687+07',0),
	 ('f94868a8-238b-497b-b2bc-e1d85fb2e01f'::uuid,'2025-12-02 07:00:00+07','2026-12-02 07:00:00+07',1,5068000.0,'14c0e7e7-7626-46c5-b250-19949ea517fb'::uuid,NULL,NULL,0,'2025-12-04 14:18:19.798963+07',0,'2025-12-04 14:18:19.798963+07','2025-12-04 14:26:18.159186+07',0),
	 ('dcc01f64-596f-4d17-b510-65dfcaced51e'::uuid,'2025-12-04 07:00:00+07','2026-01-11 07:00:00+07',3,1.0,NULL,'61c70847-e7a6-43fa-869f-cfed0400078b'::uuid,NULL,0,'2025-12-04 11:57:23.102121+07',0,'2025-12-04 11:57:23.102121+07','2025-12-05 14:31:27.680881+07',0),
	 ('1982af27-88ce-4ee3-a596-c5217d9a0954'::uuid,'2025-12-01 07:00:00+07','2026-01-11 07:00:00+07',3,20000.0,NULL,'41109446-19b8-4dd0-b80a-2317dd96ffaa'::uuid,NULL,0,'2025-12-04 11:45:04.716041+07',0,'2025-12-04 11:45:04.716041+07',NULL,NULL),
	 ('62ae7f43-4c5f-4b80-acd8-1d591686dee4'::uuid,'2025-12-01 07:00:00+07','2026-01-04 07:00:00+07',3,30000.0,NULL,'161d648a-07dd-409f-aeb3-161bff2e5b70'::uuid,NULL,0,'2025-12-04 11:45:53.311867+07',0,'2025-12-04 11:45:53.311867+07',NULL,NULL),
	 ('61984929-7c39-487b-a82b-ef5c52440431'::uuid,'2025-12-01 07:00:00+07','2026-01-09 07:00:00+07',3,40000.0,NULL,'11aa969c-1ac5-4355-b103-0bd389794817'::uuid,NULL,0,'2025-12-04 11:46:27.869567+07',0,'2025-12-04 11:46:27.869567+07',NULL,NULL),
	 ('71a74083-1fe3-4dd7-8ff3-476ba69c48f6'::uuid,'2025-12-01 07:00:00+07','2026-01-10 07:00:00+07',3,45200.0,NULL,'a4aba258-9a72-4ec0-9201-a49a736671a7'::uuid,NULL,0,'2025-12-04 11:47:11.825244+07',0,'2025-12-04 11:47:11.825245+07',NULL,NULL),
	 ('d886ea3d-f930-4b0c-a52e-96dcc1247f28'::uuid,'2025-12-01 07:00:00+07','2025-12-26 07:00:00+07',3,11700.0,NULL,'972e8685-0593-4b6e-8e1c-7301d3e1112b'::uuid,NULL,0,'2025-12-04 11:48:30.504103+07',0,'2025-12-04 11:48:30.504104+07',NULL,NULL);
INSERT INTO "Index"."Cost" ("Id","StartDate","EndDate","CostType","Amount","PartId","MaterialId","EquipmentId","CreatedBy","CreatedOn","LastModifiedBy","LastModifiedOn","DeletedOn","DeletedBy") VALUES
	 ('79db0db7-ff90-499c-abe7-bc8ed7723ad8'::uuid,'2025-12-01 07:00:00+07','2026-01-11 07:00:00+07',3,8700.0,NULL,'dd6311cd-9f06-4bfe-b0fa-bbe3ca2193e1'::uuid,NULL,0,'2025-12-04 11:51:09.062537+07',0,'2025-12-04 11:51:09.062537+07',NULL,NULL),
	 ('4dd572c4-a84c-4cb1-bde3-eb7ae7a32c00'::uuid,'2025-12-01 07:00:00+07','2026-01-03 07:00:00+07',3,656.0,NULL,'1445da29-c500-4ce7-b88d-f8f433d03626'::uuid,NULL,0,'2025-12-04 11:53:20.229464+07',0,'2025-12-04 11:53:20.229465+07',NULL,NULL),
	 ('9549b3a8-2b90-4ada-9782-38ff96595ddb'::uuid,'2025-12-01 07:00:00+07','2026-01-11 07:00:00+07',3,80000.0,NULL,'ed5947b5-ccee-4e2d-9362-14e1cf43936c'::uuid,NULL,0,'2025-12-04 11:54:12.525824+07',0,'2025-12-04 11:54:12.525824+07',NULL,NULL),
	 ('ad722356-be73-408b-bd5f-4c0888a57bb9'::uuid,'2025-12-01 07:00:00+07','2026-01-11 07:00:00+07',3,225000.0,NULL,'c4346b5a-7178-4453-b5cf-1ca76eae07e6'::uuid,NULL,0,'2025-12-04 11:54:44.958591+07',0,'2025-12-04 11:54:44.958592+07',NULL,NULL),
	 ('00b695dd-798c-49b6-846c-07dcee5a1278'::uuid,'2025-12-01 07:00:00+07','2026-01-11 07:00:00+07',3,1.0,NULL,'d069844b-4662-4c27-b7d0-aea8c8b8be27'::uuid,NULL,0,'2025-12-04 11:55:55.222779+07',0,'2025-12-04 11:55:55.222779+07',NULL,NULL),
	 ('416caf96-c2e5-48df-a1c3-e5e835010212'::uuid,'2025-12-01 07:00:00+07','2026-01-11 07:00:00+07',3,1.0,NULL,'431eca4c-bddb-4650-a195-1934ed36f10d'::uuid,NULL,0,'2025-12-04 11:56:33.109462+07',0,'2025-12-04 11:56:33.109462+07',NULL,NULL),
	 ('c9b3ae6e-a82f-4866-9c54-fe696a732aca'::uuid,'2025-12-01 07:00:00+07','2026-01-11 07:00:00+07',2,1830.0,NULL,NULL,'e10ba96f-0147-43af-a412-1179cd8cb9d8'::uuid,0,'2025-12-04 13:42:10.927786+07',0,'2025-12-04 13:42:10.927787+07','2025-12-09 10:27:12.529367+07',0),
	 ('52c76a12-ca13-4910-a169-8db069ada9f9'::uuid,'2025-12-01 07:00:00+07','2026-01-11 07:00:00+07',2,1830.0,NULL,NULL,'8ace4e3f-ef15-45a1-a4b5-fce18a628fee'::uuid,0,'2025-12-04 11:58:35.492295+07',0,'2025-12-04 11:58:35.492295+07',NULL,NULL),
	 ('2ccb7ac1-da2f-41c8-9abe-e5afdefda2b5'::uuid,'2025-12-01 07:00:00+07','2026-01-11 07:00:00+07',2,1830.0,NULL,NULL,'8c1cf68d-bd4e-4306-b917-69516b33d348'::uuid,0,'2025-12-04 11:58:56.024176+07',0,'2025-12-04 11:58:56.024176+07',NULL,NULL),
	 ('8afa2d35-8502-4190-9c6e-cb130489003a'::uuid,'2025-12-01 07:00:00+07','2026-01-11 07:00:00+07',2,1830.0,NULL,NULL,'e0021d61-fcd4-48e2-ae2b-a310e87ecf92'::uuid,0,'2025-12-04 11:59:22.411553+07',0,'2025-12-04 11:59:22.411553+07',NULL,NULL),
	 ('e921aff6-c7e8-42ab-97f4-5fe812e70060'::uuid,'2025-12-01 07:00:00+07','2026-01-11 07:00:00+07',2,1830.0,NULL,NULL,'a81e9fc9-6135-47b2-8a72-05ed15f8e91f'::uuid,0,'2025-12-04 12:00:10.250308+07',0,'2025-12-04 12:00:10.250309+07',NULL,NULL),
	 ('a3815f88-20fa-4c1d-b5e1-71d425b1934a'::uuid,'2025-12-01 07:00:00+07','2026-01-11 07:00:00+07',2,1830.0,NULL,NULL,'9ddf802a-9f2d-4d95-9081-d38db7dfbfdf'::uuid,0,'2025-12-04 12:00:38.170503+07',0,'2025-12-04 12:00:38.170503+07',NULL,NULL),
	 ('b92d5a4e-5206-425a-8881-e077e067207b'::uuid,'2025-12-01 07:00:00+07','2026-01-11 07:00:00+07',2,1830.0,NULL,NULL,'ed040078-1d6b-4218-88f2-35353a1619ca'::uuid,0,'2025-12-04 12:01:03.598214+07',0,'2025-12-04 12:01:03.598214+07',NULL,NULL),
	 ('a5d8fa86-c5ba-464f-92e8-86e648940482'::uuid,'2025-12-01 07:00:00+07','2026-01-11 07:00:00+07',2,1830.0,NULL,NULL,'30bdc90b-28dd-4f13-b158-658294f799e5'::uuid,0,'2025-12-04 12:01:22.073121+07',0,'2025-12-04 12:01:22.073121+07',NULL,NULL),
	 ('f4bab1cb-0120-47d1-9133-b7d64119e315'::uuid,'2025-12-01 07:00:00+07','2026-01-11 07:00:00+07',2,1830.0,NULL,NULL,'3e8825bd-e3b2-41c1-882a-d1a2381a6160'::uuid,0,'2025-12-04 12:01:54.543781+07',0,'2025-12-04 12:01:54.543781+07',NULL,NULL),
	 ('ce10bb57-ac02-47b7-92f6-495cbd431d3c'::uuid,'2025-12-01 07:00:00+07','2026-01-11 07:00:00+07',2,1830.0,NULL,NULL,'d9e83903-592e-4859-b7ef-3c1ba827856e'::uuid,0,'2025-12-04 12:02:26.852725+07',0,'2025-12-04 12:02:26.852725+07',NULL,NULL),
	 ('267a161e-6c6d-4844-b827-9aae0fcb141a'::uuid,'2025-12-01 07:00:00+07','2026-01-11 07:00:00+07',2,1830.0,NULL,NULL,'e8682ba4-0c48-47e0-a115-864c4deea856'::uuid,0,'2025-12-04 12:03:02.93568+07',0,'2025-12-04 12:03:02.93568+07',NULL,NULL),
	 ('b5765675-37b2-4707-b8e2-1bae732b6ff1'::uuid,'2025-12-01 07:00:00+07','2026-01-11 07:00:00+07',2,1830.0,NULL,NULL,'ba4337cf-fa88-4462-a950-6cf9835174ed'::uuid,0,'2025-12-04 13:37:35.246565+07',0,'2025-12-04 13:37:35.246565+07',NULL,NULL),
	 ('49d22a2a-3d93-430c-900c-2ca231a5c953'::uuid,'2025-12-01 07:00:00+07','2026-01-11 07:00:00+07',2,1830.0,NULL,NULL,'70099b46-4a1b-4791-b01d-c94f80600313'::uuid,0,'2025-12-04 13:37:55.958995+07',0,'2025-12-04 13:37:55.958995+07',NULL,NULL),
	 ('357b8db8-6772-46c2-9c0c-e4f1bd55fc73'::uuid,'2025-12-01 07:00:00+07','2026-01-11 07:00:00+07',2,1830.0,NULL,NULL,'61357ea9-2a8d-44f9-a81b-bda12c9525e7'::uuid,0,'2025-12-04 13:38:18.229839+07',0,'2025-12-04 13:38:18.229839+07',NULL,NULL);
INSERT INTO "Index"."Cost" ("Id","StartDate","EndDate","CostType","Amount","PartId","MaterialId","EquipmentId","CreatedBy","CreatedOn","LastModifiedBy","LastModifiedOn","DeletedOn","DeletedBy") VALUES
	 ('d3456e85-50bf-462a-8c39-a7257a8d043e'::uuid,'2025-12-01 07:00:00+07','2026-01-11 07:00:00+07',2,1830.0,NULL,NULL,'2a10685d-5c9b-4344-9c51-cc3fbebc5ed2'::uuid,0,'2025-12-04 13:38:44.939583+07',0,'2025-12-04 13:38:44.939583+07',NULL,NULL),
	 ('4c6bf5df-38cb-4ec9-a21d-575598d9a506'::uuid,'2025-12-01 07:00:00+07','2026-01-11 07:00:00+07',2,1830.0,NULL,NULL,'e7fef1b8-15e7-4455-8812-91e34dd7a56e'::uuid,0,'2025-12-04 13:40:28.919587+07',0,'2025-12-04 13:40:28.919587+07',NULL,NULL),
	 ('8fa6e17d-ff20-466f-91c8-53e65e170d93'::uuid,'2025-12-01 07:00:00+07','2026-01-11 07:00:00+07',2,1830.0,NULL,NULL,'8d654196-2b84-4838-9cc6-488b1929e159'::uuid,0,'2025-12-04 13:41:02.820853+07',0,'2025-12-04 13:41:02.820854+07',NULL,NULL),
	 ('2cd424bc-5163-48aa-afc2-dbbdb0b0adb7'::uuid,'2025-12-01 07:00:00+07','2026-01-11 07:00:00+07',2,1830.0,NULL,NULL,'1697aba1-3d53-4df4-99f8-e4a80e8ed900'::uuid,0,'2025-12-04 13:41:54.818097+07',0,'2025-12-04 13:41:54.818098+07',NULL,NULL),
	 ('a3f8f1f2-7ee6-446b-88ac-704c95a01297'::uuid,'2025-12-01 07:00:00+07','2026-01-11 07:00:00+07',2,1830.0,NULL,NULL,'b3423d44-31a7-4860-a51a-600d3d7162e3'::uuid,0,'2025-12-04 13:42:02.804524+07',0,'2025-12-04 13:42:02.804524+07',NULL,NULL),
	 ('c6b09ed0-6009-4c91-badb-3e2c800f3220'::uuid,'2025-12-01 07:00:00+07','2026-01-11 07:00:00+07',2,1830.0,NULL,NULL,'8f0270e9-18cb-4dcd-b297-49043c45c97e'::uuid,0,'2025-12-04 13:42:16.416156+07',0,'2025-12-04 13:42:16.416156+07',NULL,NULL),
	 ('b96486a7-9d8e-46e4-a90f-57fee78d26a0'::uuid,'2025-12-01 07:00:00+07','2026-01-11 07:00:00+07',3,1.0,NULL,'01e821fe-8dbc-4b9d-a304-8d78fe77b5ea'::uuid,NULL,0,'2025-12-04 11:56:53.951055+07',0,'2025-12-04 11:56:53.951055+07','2025-12-08 16:43:04.546043+07',0),
	 ('77877bd5-4962-43b9-b0e4-fb1ab3ace2c4'::uuid,'2025-12-02 07:00:00+07','2026-12-02 07:00:00+07',1,59550.0,'e9787447-ec95-4ad1-9b19-53193a0f16c7'::uuid,NULL,NULL,0,'2025-12-04 14:21:31.216637+07',0,'2025-12-04 14:21:31.216637+07','2025-12-04 14:23:02.038072+07',0),
	 ('44c5ab0b-6705-4734-b108-426dfe18f324'::uuid,'2025-12-02 07:00:00+07','2026-12-02 07:00:00+07',1,68500.0,'782c9618-e1be-4465-948e-649d253b2e92'::uuid,NULL,NULL,0,'2025-12-04 14:21:16.172192+07',0,'2025-12-04 14:21:16.172192+07','2025-12-04 14:23:16.567096+07',0),
	 ('e07b6282-b5ed-4b56-9c43-f622727fd7aa'::uuid,'2025-12-02 07:00:00+07','2026-12-02 07:00:00+07',1,14222881,'01b08968-390d-4cfe-8bce-3dfc939dd0cc'::uuid,NULL,NULL,0,'2025-12-04 14:21:00.549414+07',0,'2025-12-04 14:21:00.549414+07','2025-12-04 14:23:31.465255+07',0),
	 ('e429f25e-b7df-4c6c-bb20-648c3117a44f'::uuid,'2025-12-02 07:00:00+07','2026-12-02 07:00:00+07',1,3050000.0,'73bfb7ff-436f-4768-a4e9-3030d43cc030'::uuid,NULL,NULL,0,'2025-12-04 14:20:44.806995+07',0,'2025-12-04 14:20:44.806995+07','2025-12-04 14:23:53.096644+07',0),
	 ('8b0bfda5-7064-447f-a630-f9a7e6884a4a'::uuid,'2025-12-02 07:00:00+07','2026-12-02 07:00:00+07',1,3900000.0,'1aa02c18-a116-4701-a787-f82ddfe6c1bc'::uuid,NULL,NULL,0,'2025-12-04 14:20:29.481306+07',0,'2025-12-04 14:20:29.481306+07','2025-12-04 14:24:06.574839+07',0),
	 ('a84f691d-6c54-4c96-a5e9-28295185b772'::uuid,'2025-12-02 07:00:00+07','2026-12-02 07:00:00+07',1,467000.0,'477e1a13-c177-4db4-8192-80dde7586beb'::uuid,NULL,NULL,0,'2025-12-04 14:20:14.52597+07',0,'2025-12-04 14:20:14.525971+07','2025-12-04 14:24:25.120302+07',0),
	 ('69d0a468-d3e4-429c-a9f4-04661d95b246'::uuid,'2025-12-02 07:00:00+07','2026-12-02 07:00:00+07',1,180000.0,'f4592240-ea80-4b1c-81a6-0a5fa0b859ec'::uuid,NULL,NULL,0,'2025-12-04 14:19:57.287727+07',0,'2025-12-04 14:19:57.287727+07','2025-12-04 14:24:38.288451+07',0),
	 ('ccd0c41d-9d44-4bc5-88bf-d50f60b26b6b'::uuid,'2025-12-01 07:00:00+07','2025-12-31 07:00:00+07',3,1500000.0,NULL,'9160cda3-776f-4cd6-87a6-3e049f5e3134'::uuid,NULL,0,'2025-12-14 22:12:34.453228+07',0,'2025-12-14 22:12:34.453229+07',NULL,NULL),
	 ('e5028ece-d4ae-4993-bed7-1957e958cba9'::uuid,'2025-12-04 07:00:00+07','2026-01-11 07:00:00+07',3,1.0,NULL,'61c70847-e7a6-43fa-869f-cfed0400078b'::uuid,NULL,0,'2025-12-05 14:31:27.808524+07',0,'2025-12-05 14:31:27.808524+07','2025-12-05 14:31:50.137977+07',0),
	 ('adc708be-4fbd-47f1-be2f-f598762e0a14'::uuid,'2025-12-01 07:00:00+07','2025-12-03 07:00:00+07',1,1111.0,'e00f2c83-f22d-44e5-9843-1dd6e3b6c17c'::uuid,NULL,NULL,0,'2025-12-04 14:22:40.710721+07',0,'2025-12-04 14:22:40.710721+07',NULL,NULL),
	 ('fbc67928-1579-430a-af4a-a777a6933ddb'::uuid,'2025-12-01 07:00:00+07','2026-12-02 07:00:00+07',1,59550.0,'e9787447-ec95-4ad1-9b19-53193a0f16c7'::uuid,NULL,NULL,0,'2025-12-04 14:23:02.066663+07',0,'2025-12-04 14:23:02.066663+07',NULL,NULL),
	 ('6eced038-b103-4958-960e-0d140afa7a53'::uuid,'2025-12-01 07:00:00+07','2026-12-02 07:00:00+07',1,68500.0,'782c9618-e1be-4465-948e-649d253b2e92'::uuid,NULL,NULL,0,'2025-12-04 14:23:16.579042+07',0,'2025-12-04 14:23:16.579043+07',NULL,NULL),
	 ('4a89db02-df6f-4876-810e-74c90ea2a6f8'::uuid,'2025-12-01 07:00:00+07','2026-12-02 07:00:00+07',1,14222881,'01b08968-390d-4cfe-8bce-3dfc939dd0cc'::uuid,NULL,NULL,0,'2025-12-04 14:23:31.474664+07',0,'2025-12-04 14:23:31.474665+07',NULL,NULL);
INSERT INTO "Index"."Cost" ("Id","StartDate","EndDate","CostType","Amount","PartId","MaterialId","EquipmentId","CreatedBy","CreatedOn","LastModifiedBy","LastModifiedOn","DeletedOn","DeletedBy") VALUES
	 ('b15a1685-96be-41f0-9d90-dc5943777d8f'::uuid,'2025-12-01 07:00:00+07','2026-12-02 07:00:00+07',1,3050000.0,'73bfb7ff-436f-4768-a4e9-3030d43cc030'::uuid,NULL,NULL,0,'2025-12-04 14:23:53.105448+07',0,'2025-12-04 14:23:53.105448+07',NULL,NULL),
	 ('95032e21-3032-439e-9c1d-a86e8f341d80'::uuid,'2025-12-01 07:00:00+07','2026-12-02 07:00:00+07',1,3900000.0,'1aa02c18-a116-4701-a787-f82ddfe6c1bc'::uuid,NULL,NULL,0,'2025-12-04 14:24:06.609567+07',0,'2025-12-04 14:24:06.609568+07',NULL,NULL),
	 ('66921f09-9eda-4f81-ab8f-0618797e1c4f'::uuid,'2025-12-01 07:00:00+07','2026-12-02 07:00:00+07',1,467000.0,'477e1a13-c177-4db4-8192-80dde7586beb'::uuid,NULL,NULL,0,'2025-12-04 14:24:25.13105+07',0,'2025-12-04 14:24:25.13105+07',NULL,NULL),
	 ('01f6dd6f-a844-40cf-a335-095db6927b8b'::uuid,'2025-12-01 07:00:00+07','2026-12-02 07:00:00+07',1,180000.0,'f4592240-ea80-4b1c-81a6-0a5fa0b859ec'::uuid,NULL,NULL,0,'2025-12-04 14:24:38.300429+07',0,'2025-12-04 14:24:38.30043+07',NULL,NULL),
	 ('e7d46504-cb99-46d3-9567-fef570523927'::uuid,'2025-12-01 07:00:00+07','2026-12-02 07:00:00+07',1,445000.0,'74aeedef-835a-4da9-8500-febfaff397f3'::uuid,NULL,NULL,0,'2025-12-04 14:24:52.349109+07',0,'2025-12-04 14:24:52.349109+07',NULL,NULL),
	 ('cc937191-6a75-45c2-baae-a66f83f6fe97'::uuid,'2025-12-01 07:00:00+07','2026-12-02 07:00:00+07',1,4550000.0,'cd261176-5f72-4734-8f39-a0784449b40e'::uuid,NULL,NULL,0,'2025-12-04 14:25:09.452374+07',0,'2025-12-04 14:25:09.452374+07',NULL,NULL),
	 ('3923f8c9-9d6c-4147-8672-f04a54cb78da'::uuid,'2025-12-01 07:00:00+07','2026-12-02 07:00:00+07',1,1135182.0,'3c1fb935-c707-4c7f-9f0a-2a986e9f6891'::uuid,NULL,NULL,0,'2025-12-04 14:25:21.98935+07',0,'2025-12-04 14:25:21.98935+07',NULL,NULL),
	 ('8647479b-8862-47f4-bea2-446d933a598d'::uuid,'2025-12-01 07:00:00+07','2026-12-02 07:00:00+07',1,4888000.0,'138ddcd2-825f-4a3f-8dd0-f12d6e2ad512'::uuid,NULL,NULL,0,'2025-12-04 14:25:37.499575+07',0,'2025-12-04 14:25:37.499575+07',NULL,NULL),
	 ('bf5fe76a-af88-4194-8199-b37cf498c589'::uuid,'2025-12-01 07:00:00+07','2026-12-02 07:00:00+07',1,15735000,'c24f7f03-99f4-4e9b-89ae-00820548778c'::uuid,NULL,NULL,0,'2025-12-04 14:25:50.863648+07',0,'2025-12-04 14:25:50.863648+07',NULL,NULL),
	 ('375f441a-6679-4902-bd35-d673900c248d'::uuid,'2025-12-01 07:00:00+07','2026-12-02 07:00:00+07',1,18800000,'fdc0e70e-9175-4e2f-a0f2-b6fe54c737d8'::uuid,NULL,NULL,0,'2025-12-04 14:26:04.29277+07',0,'2025-12-04 14:26:04.29277+07',NULL,NULL),
	 ('679cceb6-9180-459e-9af3-88a5f7ba6a74'::uuid,'2025-12-01 07:00:00+07','2026-12-02 07:00:00+07',1,5068000.0,'14c0e7e7-7626-46c5-b250-19949ea517fb'::uuid,NULL,NULL,0,'2025-12-04 14:26:18.192387+07',0,'2025-12-04 14:26:18.192387+07',NULL,NULL),
	 ('d552832e-4739-45c8-b827-f7c5f7b268c1'::uuid,'2025-12-01 07:00:00+07','2026-01-11 07:00:00+07',3,1.0,NULL,'01e821fe-8dbc-4b9d-a304-8d78fe77b5ea'::uuid,NULL,0,'2025-12-08 16:43:04.730169+07',0,'2025-12-08 16:43:04.730169+07','2025-12-08 16:43:17.560986+07',0),
	 ('f67421fe-fd30-4b1e-bf25-8441fe546631'::uuid,'2025-12-01 07:00:00+07','2026-01-11 07:00:00+07',3,2.0,NULL,'01e821fe-8dbc-4b9d-a304-8d78fe77b5ea'::uuid,NULL,0,'2025-12-08 16:43:17.571457+07',0,'2025-12-08 16:43:17.571457+07','2025-12-08 16:44:57.095396+07',0),
	 ('8a4d9b8b-229f-4eb2-ae07-afcdc5f6081d'::uuid,'2025-12-01 07:00:00+07','2026-01-11 07:00:00+07',3,2.0,NULL,'01e821fe-8dbc-4b9d-a304-8d78fe77b5ea'::uuid,NULL,0,'2025-12-08 16:44:57.228415+07',0,'2025-12-08 16:44:57.228415+07','2025-12-08 16:45:30.439538+07',0),
	 ('880ccf29-9789-4c72-9dd4-30cf5b1b15e3'::uuid,'2025-12-01 07:00:00+07','2026-01-11 07:00:00+07',3,2.0,NULL,'01e821fe-8dbc-4b9d-a304-8d78fe77b5ea'::uuid,NULL,0,'2025-12-08 16:45:30.450903+07',0,'2025-12-08 16:45:30.450903+07',NULL,NULL),
	 ('1854ced1-8c75-4bb9-930e-58cd6021bf98'::uuid,'2025-12-08 07:00:00+07','2025-12-14 07:00:00+07',1,120000.0,'093564df-980a-43da-b694-9cf2462f725b'::uuid,NULL,NULL,0,'2025-12-08 17:20:29.516877+07',0,'2025-12-08 17:20:29.516878+07','2025-12-08 23:49:09.324759+07',0),
	 ('304867b3-995e-4aaa-8489-89a95e34f9b9'::uuid,'2025-12-07 07:00:00+07','2025-12-14 07:00:00+07',1,120000.0,'093564df-980a-43da-b694-9cf2462f725b'::uuid,NULL,NULL,0,'2025-12-08 23:49:09.353344+07',0,'2025-12-08 23:49:09.353344+07','2025-12-08 23:54:24.533696+07',0),
	 ('f5579c41-48b4-4c5d-9411-e2c291fcd50f'::uuid,'2025-12-01 07:00:00+07','2025-12-14 07:00:00+07',1,120000.0,'093564df-980a-43da-b694-9cf2462f725b'::uuid,NULL,NULL,0,'2025-12-08 23:54:24.547017+07',0,'2025-12-08 23:54:24.547017+07',NULL,NULL),
	 ('58bce5d0-82a3-4b83-982b-dddd03e9df37'::uuid,'2025-12-01 07:00:00+07','2026-01-11 07:00:00+07',2,1800.0,NULL,NULL,'e10ba96f-0147-43af-a412-1179cd8cb9d8'::uuid,0,'2025-12-09 10:27:12.659818+07',0,'2025-12-09 10:27:12.659818+07',NULL,NULL),
	 ('9c9048e7-c391-4970-a590-a7daf954e40c'::uuid,'2025-12-10 07:00:00+07','2025-12-14 07:00:00+07',3,100000.0,NULL,'39716971-04ba-4c0d-8a74-cc20cc9d5a42'::uuid,NULL,0,'2025-12-10 10:35:44.27191+07',0,'2025-12-10 10:35:44.27191+07','2025-12-10 10:37:49.913669+07',0);
INSERT INTO "Index"."Cost" ("Id","StartDate","EndDate","CostType","Amount","PartId","MaterialId","EquipmentId","CreatedBy","CreatedOn","LastModifiedBy","LastModifiedOn","DeletedOn","DeletedBy") VALUES
	 ('d4019d25-7bc4-41d0-8ee7-40c2b39fbb4a'::uuid,'2025-12-10 07:00:00+07','2025-12-14 07:00:00+07',3,100000.0,NULL,'39716971-04ba-4c0d-8a74-cc20cc9d5a42'::uuid,NULL,0,'2025-12-10 10:37:49.93937+07',0,'2025-12-10 10:37:49.93937+07','2025-12-10 10:39:18.395005+07',0),
	 ('261bc993-5cc4-42d2-9fa8-a67861bedcba'::uuid,'2025-12-10 07:00:00+07','2025-12-14 07:00:00+07',3,100000.0,NULL,'39716971-04ba-4c0d-8a74-cc20cc9d5a42'::uuid,NULL,0,'2025-12-10 10:39:18.401596+07',0,'2025-12-10 10:39:18.401596+07',NULL,NULL),
	 ('173b0147-d040-4b5d-b387-62bbbdf42bda'::uuid,'2025-12-10 07:00:00+07','2025-12-14 07:00:00+07',3,12000.0,NULL,'123521ef-7b80-4a0a-a5b8-425660f3f48d'::uuid,NULL,0,'2025-12-10 10:42:30.67088+07',0,'2025-12-10 10:42:30.67088+07','2025-12-10 10:43:41.022971+07',0),
	 ('4871a4c8-c586-46a4-b1b2-2a374830966a'::uuid,'2025-12-10 07:00:00+07','2025-12-14 07:00:00+07',3,12000.0,NULL,'8e4d3f26-4450-41fe-a883-0ff3f9968384'::uuid,NULL,0,'2025-12-10 10:44:15.809137+07',0,'2025-12-10 10:44:15.809137+07','2025-12-10 10:44:33.385402+07',0),
	 ('9ae39c68-5a80-48b6-a6d7-1b648e7797e3'::uuid,'2025-12-10 07:00:00+07','2025-12-14 07:00:00+07',3,120000.0,NULL,'8e4d3f26-4450-41fe-a883-0ff3f9968384'::uuid,NULL,0,'2025-12-10 10:44:33.405027+07',0,'2025-12-10 10:44:33.405027+07','2025-12-10 13:33:23.720907+07',0),
	 ('adf463ca-be18-4947-8e3a-7509a95ee99b'::uuid,'2025-12-10 07:00:00+07','2025-12-14 07:00:00+07',3,120000.0,NULL,'8e4d3f26-4450-41fe-a883-0ff3f9968384'::uuid,NULL,0,'2025-12-10 13:33:23.940839+07',0,'2025-12-10 13:33:23.940839+07','2025-12-10 13:34:16.005261+07',0),
	 ('1c698dc2-deeb-4bf7-81cd-ba0654172624'::uuid,'2025-12-10 07:00:00+07','2025-12-14 07:00:00+07',3,120000.0,NULL,'3c7cb3f8-305d-49c2-85aa-fee7e029a6ae'::uuid,NULL,0,'2025-12-10 13:41:35.928184+07',0,'2025-12-10 13:41:35.928184+07',NULL,NULL),
	 ('8885f72b-85b5-4f2f-b6e6-14dbcd91643e'::uuid,'2025-12-01 07:00:00+07','2026-01-11 07:00:00+07',3,1.0,NULL,'61c70847-e7a6-43fa-869f-cfed0400078b'::uuid,NULL,0,'2025-12-05 14:31:50.229607+07',0,'2025-12-05 14:31:50.229607+07','2025-12-10 13:50:12.762445+07',0),
	 ('e7147d7b-84aa-407a-8e88-3434206c3118'::uuid,'2025-12-08 07:00:00+07','2025-12-14 07:00:00+07',3,120000.0,NULL,'b2842aee-5deb-4488-8d98-36f2e253770a'::uuid,NULL,0,'2025-12-11 09:52:14.399857+07',0,'2025-12-11 09:52:14.399857+07',NULL,NULL),
	 ('1c59533a-7e2c-41e3-ad1d-4584dfd85e16'::uuid,'2025-12-01 07:00:00+07','2025-12-31 07:00:00+07',3,3000000.0,NULL,'8b774a68-59ba-4e71-91c2-14f30ba832c0'::uuid,NULL,0,'2025-12-14 22:11:40.753537+07',0,'2025-12-14 22:11:40.753537+07',NULL,NULL);


INSERT INTO "Index"."ProcessGroup" ("Id","Name","CreatedBy","CreatedOn","LastModifiedBy","LastModifiedOn","DeletedOn","DeletedBy","CodeId") VALUES
	 ('56877e54-ec05-412d-a94a-f563a113387e'::uuid,'Đào lò',0,'2025-12-04 11:29:46.93706+07',0,'2025-12-04 11:29:46.93706+07',NULL,NULL,'ff260dab-17a4-49dc-86ed-fbe4e9172ea3'::uuid),
	 ('032df011-2684-459e-a962-d0a7fed94554'::uuid,'Lò chợ',0,'2025-12-04 11:34:37.277661+07',0,'2025-12-04 11:34:37.277661+07',NULL,NULL,'9d532c37-2a56-4029-94be-d0487411f9b4'::uuid),
	 ('29fd6fb9-3667-4786-8e13-380d1ca33659'::uuid,'Xén lò',0,'2025-12-04 11:36:05.322743+07',0,'2025-12-04 11:36:05.322744+07',NULL,NULL,'7e5fdbeb-55d8-4f3f-959b-482b05dfc0d6'::uuid);



INSERT INTO "Index"."AdjustmentFactor" ("Id","Name","ProcessGroupId","CreatedBy","CreatedOn","LastModifiedBy","LastModifiedOn","DeletedOn","DeletedBy","CodeId") VALUES
	 ('d9416ca2-a55c-403d-9594-7acf356757be'::uuid,'Thiết bị','56877e54-ec05-412d-a94a-f563a113387e'::uuid,0,'2025-12-05 15:57:32.279632+07',0,'2025-12-05 15:57:32.279632+07',NULL,NULL,'a2156cc8-53ec-4dd8-8e56-313136e43f14'::uuid),
	 ('6adf016a-c772-4ea5-8efb-823a68e0303f'::uuid,'Hệ số điều chỉnh theo tiết diện lò đào','56877e54-ec05-412d-a94a-f563a113387e'::uuid,0,'2025-12-17 09:10:36.125958+07',0,'2025-12-17 09:10:36.125958+07',NULL,NULL,'73f00e77-7e01-42fa-b001-e4fdab83bf34'::uuid),
	 ('787ee1b0-ea1d-4d61-9435-c644e1c86a3b'::uuid,'Hệ số điều chỉnh theo độ kiên cố của đá, than','56877e54-ec05-412d-a94a-f563a113387e'::uuid,0,'2025-12-17 09:10:49.696603+07',0,'2025-12-17 09:10:49.696603+07',NULL,NULL,'40769fec-9fbf-4008-81b1-acdbfba4879d'::uuid),
	 ('6a18e1b0-49e9-4c88-a490-e388af1612ea'::uuid,'Hệ số điều chỉnh theo môi trường làm việc của thiết bị','56877e54-ec05-412d-a94a-f563a113387e'::uuid,0,'2025-12-17 09:11:04.2996+07',0,'2025-12-17 09:11:04.2996+07',NULL,NULL,'9b3422d0-90d6-4b4a-bad9-95567c1d7057'::uuid),
	 ('e978e749-084d-4f96-9d72-19b18df0a279'::uuid,'Hệ số điều chỉnh theo chiều dài thiết bị (máng cào, băng tải, tời), cung độ vận chuyển monoray khí nén','56877e54-ec05-412d-a94a-f563a113387e'::uuid,0,'2025-12-17 09:11:19.347384+07',0,'2025-12-17 09:11:19.347384+07',NULL,NULL,'ece66ce2-bb6a-4ec6-875f-bb240f75a71b'::uuid),
	 ('e30d8d29-cd47-4568-b1ec-087d8526d998'::uuid,'Hệ số điều chỉnh do điều kiện làm việc đặc biệt sai khác so với thiết kế ban đầu','56877e54-ec05-412d-a94a-f563a113387e'::uuid,0,'2025-12-17 09:11:40.025493+07',0,'2025-12-17 09:11:40.025493+07',NULL,NULL,'b816e7d2-483c-4eb4-951c-7d2b18f8a88c'::uuid),
	 ('93e37b66-f215-4e09-8af3-a54382e18650'::uuid,'Hệ số điều chỉnh do dốc độ vận tải của thiết bị (máng cào, băng tải, monoray khí nén)','56877e54-ec05-412d-a94a-f563a113387e'::uuid,0,'2025-12-17 09:12:02.591434+07',0,'2025-12-17 09:12:02.591434+07',NULL,NULL,'e2d13a74-9dc5-4c48-abda-cf42b61e2ea0'::uuid);



INSERT INTO "Index"."AdjustmentFactorDescription" ("Id","Description","AdjustmentFactorId","MaintenanceAdjustmentValue","ElectricityAdjustmentValue","CreatedBy","CreatedOn","LastModifiedBy","LastModifiedOn","DeletedOn","DeletedBy") VALUES
	 ('38d655f4-a5f7-4bf3-8c8b-fd4eb19c2d61'::uuid,' - Thiết bị vận tải lên dốc (ngược dốc) ở đoạn đường lò dốc độ 5°<α <10°','93e37b66-f215-4e09-8af3-a54382e18650'::uuid,1.02,NULL,0,'2025-12-17 16:28:26.016691+07',0,'2025-12-17 16:28:26.016691+07',NULL,NULL),
	 ('c1e14ead-2027-47c5-988e-9d9f8114b1f5'::uuid,'demo','d9416ca2-a55c-403d-9594-7acf356757be'::uuid,1.0,NULL,0,'2025-12-17 10:45:22.450627+07',0,'2025-12-17 10:46:54.608294+07','2025-12-17 16:01:05.94936+07',0),
	 ('9ed2948f-cd03-4267-88dd-b994080ab193'::uuid,'Môi trường làm việc khô ráo','6a18e1b0-49e9-4c88-a490-e388af1612ea'::uuid,0.9,NULL,0,'2025-12-17 16:19:55.648097+07',0,'2025-12-17 16:19:55.648097+07',NULL,NULL),
	 ('734d5a7b-daa2-479c-b019-9e23ba84cda1'::uuid,'Thiết bị loại A','d9416ca2-a55c-403d-9594-7acf356757be'::uuid,1.0,1.0,0,'2025-12-05 15:57:51.485262+07',0,'2025-12-05 15:57:51.485263+07','2025-12-17 09:12:24.02535+07',0),
	 ('c9d73cbe-27e7-46d0-8aaa-89527d653b65'::uuid,'Thiết bị B','d9416ca2-a55c-403d-9594-7acf356757be'::uuid,1.5,2.5,0,'2025-12-11 10:03:19.91814+07',0,'2025-12-11 10:03:19.91814+07','2025-12-17 09:12:24.025725+07',0),
	 ('7cd11b64-5137-4734-9d84-f751ba173b37'::uuid,'Thiết bị loại A','d9416ca2-a55c-403d-9594-7acf356757be'::uuid,0.8,0.8,0,'2025-12-17 09:12:49.512792+07',0,'2025-12-17 09:12:49.512792+07',NULL,NULL),
	 ('37b9941e-b82f-4af5-a6b9-4bc250093171'::uuid,'Thiết bị loại B','d9416ca2-a55c-403d-9594-7acf356757be'::uuid,0.9,0.9,0,'2025-12-17 09:13:07.47804+07',0,'2025-12-17 09:13:07.47804+07',NULL,NULL),
	 ('d9e0b945-0ae1-4ec7-a83f-5c229be2fc1d'::uuid,'Thiết bị loại C','d9416ca2-a55c-403d-9594-7acf356757be'::uuid,1.0,1.0,0,'2025-12-17 09:13:18.748045+07',0,'2025-12-17 09:13:18.748045+07',NULL,NULL),
	 ('7377981b-3a09-4d69-be02-0665a763f70e'::uuid,'Hộ chiếu 1,4','6adf016a-c772-4ea5-8efb-823a68e0303f'::uuid,0.6,0.6,0,'2025-12-17 09:13:39.858524+07',0,'2025-12-17 09:13:39.858525+07',NULL,NULL),
	 ('53813432-2453-4291-ae48-90465ad6f742'::uuid,'Hộ chiếu 1A','6adf016a-c772-4ea5-8efb-823a68e0303f'::uuid,0.68,0.68,0,'2025-12-17 09:13:59.633902+07',0,'2025-12-17 09:13:59.633903+07',NULL,NULL),
	 ('17b50c1d-e5f8-422f-9f29-40e727af1d78'::uuid,'Hộ chiếu VC1, SVP-01','6adf016a-c772-4ea5-8efb-823a68e0303f'::uuid,0.89,0.89,0,'2025-12-17 09:14:26.997788+07',0,'2025-12-17 09:14:26.997788+07',NULL,NULL),
	 ('cc65df51-ca77-41a3-9651-0a820b630744'::uuid,'Hộ chiếu VC2, SVP-02','6adf016a-c772-4ea5-8efb-823a68e0303f'::uuid,1.0,1.0,0,'2025-12-17 09:14:42.230238+07',0,'2025-12-17 09:14:42.230238+07',NULL,NULL),
	 ('1797cf0d-48f5-4a6b-90ab-1054659fad99'::uuid,'Hộ chiếu  SVP-03','6adf016a-c772-4ea5-8efb-823a68e0303f'::uuid,1.1,1.1,0,'2025-12-17 09:15:12.464568+07',0,'2025-12-17 09:15:12.464568+07',NULL,NULL),
	 ('87438c74-d9a3-429c-a86e-127b33062a3d'::uuid,'Hộ chiếu VC4','6adf016a-c772-4ea5-8efb-823a68e0303f'::uuid,1.2,1.2,0,'2025-12-17 09:15:45.535764+07',0,'2025-12-17 09:15:45.535764+07',NULL,NULL),
	 ('37b0d9c9-e8ab-4236-ac61-376a74785015'::uuid,'Hộ chiếu  SVP-04','6adf016a-c772-4ea5-8efb-823a68e0303f'::uuid,1.29,1.29,0,'2025-12-17 09:16:24.679488+07',0,'2025-12-17 09:16:24.679488+07',NULL,NULL),
	 ('feac5166-46eb-48a2-b3c8-ae78befb44d8'::uuid,'Hộ chiếu VC7 ','6adf016a-c772-4ea5-8efb-823a68e0303f'::uuid,1.52,1.52,0,'2025-12-17 09:16:44.484933+07',0,'2025-12-17 09:16:44.484933+07',NULL,NULL),
	 ('4dd4c4a6-6daa-4595-9ab7-cfd823e505ca'::uuid,'Hộ chiếu VC13, SVP-05','6adf016a-c772-4ea5-8efb-823a68e0303f'::uuid,1.68,1.68,0,'2025-12-17 09:17:47.475383+07',0,'2025-12-17 09:17:47.475383+07',NULL,NULL),
	 ('106d0c79-6c53-431d-a018-66e3eb4afcc3'::uuid,'Hộ chiếu VC21','6adf016a-c772-4ea5-8efb-823a68e0303f'::uuid,2.23,2.23,0,'2025-12-17 09:18:08.007497+07',0,'2025-12-17 09:18:08.007497+07',NULL,NULL),
	 ('13afcb05-6f3e-47e9-be6e-5c0002d76550'::uuid,'Đào lò than (2 ≤ f  và 2< f ≤3)','787ee1b0-ea1d-4d61-9435-c644e1c86a3b'::uuid,0.6,0.6,0,'2025-12-17 09:18:28.63963+07',0,'2025-12-17 09:18:28.63963+07',NULL,NULL),
	 ('860e790b-2e72-4e47-9c2a-71d11c3cf6a4'::uuid,'Đào lò đá mềm (4≤f<6)','787ee1b0-ea1d-4d61-9435-c644e1c86a3b'::uuid,1.0,1.0,0,'2025-12-17 09:18:54.1809+07',0,'2025-12-17 09:18:54.1809+07',NULL,NULL);
INSERT INTO "Index"."AdjustmentFactorDescription" ("Id","Description","AdjustmentFactorId","MaintenanceAdjustmentValue","ElectricityAdjustmentValue","CreatedBy","CreatedOn","LastModifiedBy","LastModifiedOn","DeletedOn","DeletedBy") VALUES
	 ('3a54fb7c-1186-47ee-abf0-51a32f610186'::uuid,'string','787ee1b0-ea1d-4d61-9435-c644e1c86a3b'::uuid,1.0,NULL,0,'2025-12-17 09:22:50.426504+07',0,'2025-12-17 09:22:50.426504+07','2025-12-17 09:25:11.032667+07',0),
	 ('748acc72-ce31-4821-96e2-4372ee1f9318'::uuid,'Đào lò đá trung bình (6≤f<8)','787ee1b0-ea1d-4d61-9435-c644e1c86a3b'::uuid,1.3,1.3,0,'2025-12-17 09:25:39.423446+07',0,'2025-12-17 09:25:39.423446+07',NULL,NULL),
	 ('f629519b-8f53-4120-86fd-1965553ef6af'::uuid,'Đào lò đá cứng ( f ≥ 8)','787ee1b0-ea1d-4d61-9435-c644e1c86a3b'::uuid,1.5,1.5,0,'2025-12-17 09:26:35.344217+07',0,'2025-12-17 09:26:35.344217+07',NULL,NULL),
	 ('3956d6a7-d635-40a4-b001-43981bb2ce35'::uuid,'monoray','787ee1b0-ea1d-4d61-9435-c644e1c86a3b'::uuid,1.0,1.0,0,'2025-12-17 09:26:49.524415+07',0,'2025-12-17 09:26:49.524415+07',NULL,NULL),
	 ('c3bdcca0-1a61-4732-868b-57cad33dd75a'::uuid,'demo','d9416ca2-a55c-403d-9594-7acf356757be'::uuid,1.0,NULL,0,'2025-12-17 10:06:05.004069+07',0,'2025-12-17 10:06:05.004069+07','2025-12-17 10:06:18.07462+07',0),
	 ('5ac382f5-fbd6-466f-bf07-998e2d67ee57'::uuid,'Môi trường làm việc ẩm ướt','6a18e1b0-49e9-4c88-a490-e388af1612ea'::uuid,1.0,NULL,0,'2025-12-17 16:20:12.302255+07',0,'2025-12-17 16:20:12.302255+07',NULL,NULL),
	 ('d6c0b900-3f1a-404e-b985-abbce2c2df21'::uuid,'Môi trường làm việc nhiều nước','6a18e1b0-49e9-4c88-a490-e388af1612ea'::uuid,1.1,NULL,0,'2025-12-17 16:20:25.78787+07',0,'2025-12-17 16:20:25.78787+07',NULL,NULL),
	 ('cec7f065-135c-48e0-9351-1f39c7448e38'::uuid,'Chiều dài thiết bị tăng/giảm L<10% so với chiều dài tiêu chuẩn','e978e749-084d-4f96-9d72-19b18df0a279'::uuid,1.0,NULL,0,'2025-12-17 16:20:52.890284+07',0,'2025-12-17 16:20:52.890284+07',NULL,NULL),
	 ('0d7037a6-1be7-4c91-bb67-6e389da1e898'::uuid,'Chiều dài thiết bị tăng từ 10% ≤ L≤ 20% so với chiều dài tiêu chuẩn','e978e749-084d-4f96-9d72-19b18df0a279'::uuid,1.1,NULL,0,'2025-12-17 16:21:13.90281+07',0,'2025-12-17 16:21:13.90281+07',NULL,NULL),
	 ('553e0aab-9886-48d1-90ea-2e3e3d13bfd9'::uuid,'Chiều dài thiết bị tăng  từ 20% < L≤ 30% so với chiều dài tiêu chuẩn','e978e749-084d-4f96-9d72-19b18df0a279'::uuid,1.2,NULL,0,'2025-12-17 16:21:46.736692+07',0,'2025-12-17 16:21:46.736692+07',NULL,NULL),
	 ('286fac15-1676-41c0-9492-85d1ecf8751a'::uuid,'Chiều dài thiết bị tăng  từ 40% < L≤ 50% so với chiều dài tiêu chuẩn','e978e749-084d-4f96-9d72-19b18df0a279'::uuid,1.4,NULL,0,'2025-12-17 16:22:24.007677+07',0,'2025-12-17 16:22:24.007677+07',NULL,NULL),
	 ('252c7362-163f-4fde-9ff3-b7eb1341997b'::uuid,'Chiều dài thiết bị tăng  từ 30% < L≤ 40% so với chiều dài tiêu chuẩn','e978e749-084d-4f96-9d72-19b18df0a279'::uuid,1.3,NULL,0,'2025-12-17 16:22:07.474682+07',0,'2025-12-17 16:22:41.206067+07',NULL,NULL),
	 ('e432aafc-2a1c-4109-bc50-731cd480319f'::uuid,'Chiều dài thiết bị tăng  từ 50% < L≤ 60% so với chiều dài tiêu chuẩn','e978e749-084d-4f96-9d72-19b18df0a279'::uuid,1.5,NULL,0,'2025-12-17 16:23:05.352531+07',0,'2025-12-17 16:23:05.352531+07',NULL,NULL),
	 ('ae061824-381d-4bea-a211-955e3e147b9c'::uuid,'Chiều dài thiết bị giảm từ 10% ≤ L≤ 20% so với chiều dài tiêu chuẩn','e978e749-084d-4f96-9d72-19b18df0a279'::uuid,0.9,NULL,0,'2025-12-17 16:23:31.88218+07',0,'2025-12-17 16:24:05.542199+07',NULL,NULL),
	 ('faef5bd8-0e31-4866-94f6-b8cfeb47f546'::uuid,'Chiều dài thiết bị giảm  từ 50% < L≤ 60% so với chiều dài tiêu chuẩn','e978e749-084d-4f96-9d72-19b18df0a279'::uuid,0.5,NULL,0,'2025-12-17 16:24:54.466715+07',0,'2025-12-17 16:25:14.062846+07',NULL,NULL),
	 ('7aaaee00-08c0-4855-946a-252391835db6'::uuid,'Chiều dài thiết bị giảm từ 30% < L≤ 40% so với chiều dài tiêu chuẩn','e978e749-084d-4f96-9d72-19b18df0a279'::uuid,0.7,NULL,0,'2025-12-17 16:24:37.728098+07',0,'2025-12-17 16:25:19.298945+07',NULL,NULL),
	 ('58bbe4ee-f787-42cc-8590-bf0fc6e25cb1'::uuid,'Chiều dài thiết bị giảm  từ 20% < L≤ 30% so với chiều dài tiêu chuẩn','e978e749-084d-4f96-9d72-19b18df0a279'::uuid,0.8,NULL,0,'2025-12-17 16:24:19.594216+07',0,'2025-12-17 16:25:24.166539+07',NULL,NULL),
	 ('2920f4d0-aefb-4301-bfd0-c493c6927a0f'::uuid,'Do Giám đốc quyết định','e30d8d29-cd47-4568-b1ec-087d8526d998'::uuid,1.0,1.0,0,'2025-12-17 16:27:41.995335+07',0,'2025-12-17 16:27:41.995335+07',NULL,NULL),
	 ('3b799fcb-4502-4688-94d8-c0b41a9ca45a'::uuid,' - Thiết bị  vận tải ở đoạn đường lò dốc độ vận tải từ 0° đến  5°','93e37b66-f215-4e09-8af3-a54382e18650'::uuid,1.0,NULL,0,'2025-12-17 16:28:08.384129+07',0,'2025-12-17 16:28:08.384129+07',NULL,NULL),
	 ('d2d13b0b-5255-4388-9209-f14d7bccb255'::uuid,' - Thiết bị vận tải lên dốc (ngược dốc) ở đoạn đường lò dốc độ 10°≤ α <15°','93e37b66-f215-4e09-8af3-a54382e18650'::uuid,1.04,NULL,0,'2025-12-17 16:28:40.224546+07',0,'2025-12-17 16:28:40.224546+07',NULL,NULL);
INSERT INTO "Index"."AdjustmentFactorDescription" ("Id","Description","AdjustmentFactorId","MaintenanceAdjustmentValue","ElectricityAdjustmentValue","CreatedBy","CreatedOn","LastModifiedBy","LastModifiedOn","DeletedOn","DeletedBy") VALUES
	 ('4ce00de0-5c0e-4416-ab8f-f22cab92c989'::uuid,' - Thiết bị vận tải lên dốc (ngược dốc) ở đoạn đường lò dốc độ  α ≥15°','93e37b66-f215-4e09-8af3-a54382e18650'::uuid,1.06,NULL,0,'2025-12-17 16:28:53.359247+07',0,'2025-12-17 16:28:53.359247+07',NULL,NULL),
	 ('ab0eb537-05bf-4042-a8ec-5b9b5a5f2924'::uuid,' - Thiết bị vận tải xuống dốc (xuôi dốc) ở đoạn đường lò dốc độ 5°<α <10°','93e37b66-f215-4e09-8af3-a54382e18650'::uuid,0.98,NULL,0,'2025-12-17 16:29:09.346167+07',0,'2025-12-17 16:29:09.346167+07',NULL,NULL),
	 ('062624a6-b03d-43cb-9c1b-886d2c66b488'::uuid,' - Thiết bị vận tải xuống dốc (xuôi dốc) ở đoạn đường lò dốc độ 10°≤ α <15°','93e37b66-f215-4e09-8af3-a54382e18650'::uuid,0.96,NULL,0,'2025-12-17 16:29:26.269601+07',0,'2025-12-17 16:29:26.269601+07',NULL,NULL),
	 ('e25902d4-59f3-41d0-af78-322eea4470c2'::uuid,' - ','93e37b66-f215-4e09-8af3-a54382e18650'::uuid,0.94,NULL,0,'2025-12-17 16:30:01.265988+07',0,'2025-12-17 16:30:15.175289+07',NULL,NULL);


INSERT INTO "Index"."ProductionProcess" ("Id","Name","ProcessGroupId","CreatedBy","CreatedOn","LastModifiedBy","LastModifiedOn","DeletedOn","DeletedBy","CodeId") VALUES
	 ('ab2231f9-433a-4cec-971b-1a89f82f7817'::uuid,'Đào lò đá','56877e54-ec05-412d-a94a-f563a113387e'::uuid,0,'2025-12-04 11:30:14.743233+07',0,'2025-12-04 11:30:14.743233+07',NULL,NULL,'a33883af-05fc-42c9-9ebf-62d4515f5324'::uuid),
	 ('d213a0fb-ddec-4d78-8bf1-de12d95250d2'::uuid,'Đào lò than','56877e54-ec05-412d-a94a-f563a113387e'::uuid,0,'2025-12-04 11:30:01.881262+07',0,'2025-12-05 13:43:59.256998+07',NULL,NULL,'a2e9c043-2b03-41cd-9f49-90a55a615097'::uuid);


INSERT INTO "Index"."Hardness" ("Id","Value","CreatedBy","CreatedOn","LastModifiedBy","LastModifiedOn","DeletedOn","DeletedBy") VALUES
	 ('117eb716-363a-4450-8de7-8523dbbae4ae'::uuid,'2 < f ≤ 3',0,'2025-11-01 03:06:10.882+07',0,'2025-11-01 03:06:10.882+07',NULL,NULL),
	 ('58f88b48-2e69-4b01-a9d1-3b2ee654fca3'::uuid,'f < 3',0,'2025-11-01 03:06:36.675+07',0,'2025-11-01 03:06:36.675+07',NULL,NULL),
	 ('13a8a88d-18e4-4fbc-a7ac-a93e3c50fe48'::uuid,'f < 2',0,'2025-11-01 03:09:26.481+07',0,'2025-11-01 03:09:26.481+07',NULL,NULL),
	 ('b23408a8-b87d-464a-99af-56f6b3030225'::uuid,'6≤f<8',0,'2025-11-19 12:38:01.472+07',0,'2025-11-19 12:38:01.472+07',NULL,NULL),
	 ('7e86080b-2413-4ce3-9097-e729b3dec294'::uuid,'f≤2',0,'2025-11-20 14:48:17.871+07',0,'2025-11-20 14:48:17.871+07',NULL,NULL),
	 ('674b0a43-6190-495d-8c6d-c27801d9d86f'::uuid,'demo≥',0,'2025-12-01 11:33:35.461727+07',0,'2025-12-01 11:33:44.672969+07','2025-12-01 11:33:52.74544+07',0),
	 ('110e8ffe-8035-43d9-8c78-48595ec0bfb5'::uuid,'f<2',0,'2025-12-05 00:03:08.656182+07',0,'2025-12-05 00:03:08.656182+07',NULL,NULL),
	 ('16709f0d-46f5-4796-8386-79b5e329aeff'::uuid,'=',0,'2025-12-05 00:03:50.735873+07',0,'2025-12-05 00:03:50.735873+07',NULL,NULL),
	 ('8dba3161-6139-4c58-844f-9d3d9d9bba35'::uuid,'f < 2',0,'2025-12-05 00:03:19.1394+07',0,'2025-12-05 13:43:59.256997+07',NULL,NULL),
	 ('ddd4208b-0705-4e70-8651-bcf857c13fc8'::uuid,'demo',0,'2025-12-01 13:34:37.467252+07',0,'2025-12-01 17:26:40.163836+07','2025-12-10 14:17:22.195254+07',0);


INSERT INTO "Index"."Product" ("Id","Name","ProcessGroupId","CreatedBy","CreatedOn","LastModifiedBy","LastModifiedOn","DeletedOn","DeletedBy","CodeId") VALUES
	 ('0cb6319d-d135-447e-968a-32fcfc0f05ec'::uuid,'Lò chứa nước tại lò VT11-1.26 chống thép SVP22, HC VC2 khu VI vỉa 11 lò  đào trong than f<2 bước chống 0.7m/vì.','56877e54-ec05-412d-a94a-f563a113387e'::uuid,0,'2025-12-10 14:07:08.34473+07',0,'2025-12-10 14:07:08.34473+07',NULL,NULL,'4e89bc60-5fbb-4a88-ae4f-2f67482057a7'::uuid),
	 ('cacecb68-94bc-46aa-aa97-9db73a9d2b68'::uuid,'Lò dọc vỉa mức -100 chống thép (SVP22)HCVC2 khu IV vỉa 11. Lò xén 50%    bước chống 0.5 m/vì. chèn lưới mắt võng lò xén trong than f<2.','29fd6fb9-3667-4786-8e13-380d1ca33659'::uuid,0,'2025-12-10 14:07:35.029813+07',0,'2025-12-10 14:07:35.029813+07',NULL,NULL,'e0d0f70a-f29d-4c0c-99a0-0d0eadc1e4be'::uuid),
	 ('8ea585d5-d09b-451b-b6fc-4d9f38c05e90'::uuid,'Lò chợ 11-1.26  lò  chống giá xích chiều dài lò chợ: 72 m. Các yếu tố TT bằng chiều dài 80 m. Chiều dày vỉa: 9.77 m . Tỷ lệ đá kẹp 23% có trải lưới thép nóc.','032df011-2684-459e-a962-d0a7fed94554'::uuid,0,'2025-12-10 14:07:52.613784+07',0,'2025-12-10 14:07:52.613784+07',NULL,NULL,'ddebc0a4-7d1d-43e6-983d-ae345130ff5e'::uuid),
	 ('6e300f59-5d78-4a33-809a-862e423400df'::uuid,'sản phẩm 5','56877e54-ec05-412d-a94a-f563a113387e'::uuid,0,'2025-12-12 14:10:15.725327+07',0,'2025-12-12 14:10:15.725327+07','2025-12-12 14:13:13.240484+07',0,'193a99f1-31d2-4ae3-9960-40a6efafe37a'::uuid),
	 ('7ebc8f0e-576b-4bef-aec8-f562f92f55dc'::uuid,'SP5','56877e54-ec05-412d-a94a-f563a113387e'::uuid,0,'2025-12-12 14:13:38.808528+07',0,'2025-12-12 14:13:38.808528+07','2025-12-12 14:13:43.513989+07',0,'e94551e8-2960-4122-bb26-84d894359389'::uuid);

INSERT INTO "Index"."StoneClampRatio" ("Id","Value","CoefficientValue","HardnessId","ProcessId","CreatedBy","CreatedOn","LastModifiedBy","LastModifiedOn","DeletedOn","DeletedBy") VALUES
	 ('6f237ee1-5cf7-4e1d-b306-e36aa5c74174'::uuid,'10% ≤ Ckẹp ≤ 20%',1.15,'8dba3161-6139-4c58-844f-9d3d9d9bba35'::uuid,'d213a0fb-ddec-4d78-8bf1-de12d95250d2'::uuid,0,'2025-12-05 13:41:57.154579+07',0,'2025-12-05 13:43:59.256996+07',NULL,NULL),
	 ('1191d00b-9807-499a-b99c-fc49684986b9'::uuid,'10% ≤ Ckẹp ≥ 20%',1.15,'117eb716-363a-4450-8de7-8523dbbae4ae'::uuid,'d213a0fb-ddec-4d78-8bf1-de12d95250d2'::uuid,0,'2025-12-05 13:45:49.634505+07',0,'2025-12-05 13:45:49.634505+07',NULL,NULL),
	 ('1c05f245-ea9f-42ba-8121-364d4f89533a'::uuid,'Ckẹp ≥ 20%',1.0,'8dba3161-6139-4c58-844f-9d3d9d9bba35'::uuid,'d213a0fb-ddec-4d78-8bf1-de12d95250d2'::uuid,0,'2025-12-10 14:18:01.719935+07',0,'2025-12-10 14:18:01.719935+07',NULL,NULL),
	 ('a5740669-9a14-4f1c-9b1a-7ac29361c44a'::uuid,'Ckẹp ≥ 20%',1.2,'117eb716-363a-4450-8de7-8523dbbae4ae'::uuid,'d213a0fb-ddec-4d78-8bf1-de12d95250d2'::uuid,0,'2025-12-05 13:45:00.790061+07',0,'2025-12-05 13:45:00.790061+07','2025-12-12 17:20:16.803396+07',0);

INSERT INTO "Pricing"."SlideUnitPrice" ("Id","ProcessGroupId","PassportId","HardnessId","StartDate","EndDate","CreatedBy","CreatedOn","LastModifiedBy","LastModifiedOn","DeletedOn","DeletedBy","CodeId") VALUES
	 ('c59e5813-cc81-48cd-9069-71731a65024d'::uuid,'29fd6fb9-3667-4786-8e13-380d1ca33659'::uuid,'dec5426d-d434-4e86-9137-fb5d46c4f055'::uuid,'b23408a8-b87d-464a-99af-56f6b3030225'::uuid,'2025-12-05 07:00:00+07','2025-12-07 07:00:00+07',0,'2025-12-05 13:31:31.951839+07',0,'2025-12-05 13:31:31.951839+07','2025-12-05 13:40:38.89849+07',0,'af83ba54-9196-4666-8045-92a1011edec5'::uuid),
	 ('137d935b-4655-4759-a465-427bb85b56aa'::uuid,'29fd6fb9-3667-4786-8e13-380d1ca33659'::uuid,'dec5426d-d434-4e86-9137-fb5d46c4f055'::uuid,'ddd4208b-0705-4e70-8651-bcf857c13fc8'::uuid,'2025-12-05 00:00:00+07','2025-12-07 00:00:00+07',0,'2025-12-05 14:09:31.742003+07',0,'2025-12-05 14:58:48.690284+07','2025-12-10 15:40:56.329748+07',0,'b54fd9b8-87a0-4f21-b8e6-87b03edb2919'::uuid),
	 ('17bb7668-261b-4f76-a583-fea67b0ac97e'::uuid,'032df011-2684-459e-a962-d0a7fed94554'::uuid,'dec5426d-d434-4e86-9137-fb5d46c4f055'::uuid,'b23408a8-b87d-464a-99af-56f6b3030225'::uuid,'2025-12-10 07:00:00+07','2025-12-14 07:00:00+07',0,'2025-12-10 14:30:12.080419+07',0,'2025-12-10 14:30:12.080419+07','2025-12-14 22:08:58.559782+07',0,'45ec800a-e72f-45fe-aab0-049589de1798'::uuid),
	 ('a6b7a961-77d1-4adb-b880-94c12111effa'::uuid,'56877e54-ec05-412d-a94a-f563a113387e'::uuid,'1d7c66d3-29ea-413f-9f53-11908228edc5'::uuid,'b23408a8-b87d-464a-99af-56f6b3030225'::uuid,'2025-12-01 07:00:00+07','2025-12-31 07:00:00+07',0,'2025-12-14 22:14:07.873005+07',0,'2025-12-14 22:14:07.873005+07',NULL,NULL,'5128ddaf-2288-44e8-bb0a-a0f9e2793798'::uuid),
	 ('5fd2e11a-2957-44f0-b919-5a38646e632e'::uuid,'56877e54-ec05-412d-a94a-f563a113387e'::uuid,'dec5426d-d434-4e86-9137-fb5d46c4f055'::uuid,'b23408a8-b87d-464a-99af-56f6b3030225'::uuid,'2026-01-01 07:00:00+07','2026-01-31 07:00:00+07',0,'2025-12-14 23:03:16.227199+07',0,'2025-12-14 23:03:16.227199+07','2025-12-14 23:03:29.109193+07',0,'fa04939c-edf5-4bd1-8eb2-9d22c887494d'::uuid);


INSERT INTO "Pricing"."MaterialUnitPrice" ("Id","ProcessId","PassportId","HardnessId","InsertItemId","SupportStepId","StartDate","EndDate","CreatedBy","CreatedOn","LastModifiedBy","LastModifiedOn","DeletedOn","DeletedBy","CodeId","AddOtherMaterialUnitPrice","OtherMaterialValue") VALUES
	 ('71a195c0-039e-4305-8b54-b9ee9b737f1f'::uuid,'ab2231f9-433a-4cec-971b-1a89f82f7817'::uuid,'27deec23-a5d2-4e9d-80e7-734a6f6b065c'::uuid,'8dba3161-6139-4c58-844f-9d3d9d9bba35'::uuid,'f11dabc7-5cb8-4fa3-a90a-9415df697e9a'::uuid,'6f95b2a5-9f48-465a-9c85-d822a2595646'::uuid,'2025-12-05 07:00:00+07','2025-12-06 07:00:00+07',0,'2025-12-05 09:26:19.465207+07',0,'2025-12-05 09:35:52.417086+07','2025-12-05 10:04:55.714256+07',0,'dac4f38e-0aa1-44dd-a2d9-4d618224954c'::uuid,false,0.0),
	 ('763d87e5-ce30-48c1-b233-5acff916de27'::uuid,'d213a0fb-ddec-4d78-8bf1-de12d95250d2'::uuid,'1d7c66d3-29ea-413f-9f53-11908228edc5'::uuid,'b23408a8-b87d-464a-99af-56f6b3030225'::uuid,'53b2e6d7-aff9-4a35-bcb7-54d6c005d15f'::uuid,'887bd66b-ef0e-4f43-b1d1-0804e2728d63'::uuid,'2025-12-10 07:00:00+07','2025-12-14 07:00:00+07',0,'2025-12-10 14:26:51.85542+07',0,'2025-12-16 15:03:05.799305+07',NULL,NULL,'d835ca1e-66bc-4f21-a342-b446ed2d2902'::uuid,false,20.0),
	 ('15310d41-52fb-4f31-8a4b-3304de1f7d44'::uuid,'ab2231f9-433a-4cec-971b-1a89f82f7817'::uuid,'dec5426d-d434-4e86-9137-fb5d46c4f055'::uuid,'8dba3161-6139-4c58-844f-9d3d9d9bba35'::uuid,'53b2e6d7-aff9-4a35-bcb7-54d6c005d15f'::uuid,'887bd66b-ef0e-4f43-b1d1-0804e2728d63'::uuid,'2025-12-05 07:00:00+07','2025-12-06 07:00:00+07',0,'2025-12-05 10:08:47.806212+07',0,'2025-12-16 15:03:32.068994+07',NULL,NULL,'ef3e603e-028d-4ccf-9957-7a9334fc86a2'::uuid,false,12.0);


INSERT INTO "Pricing"."MaterialUnitPriceAssignmentCode" ("Id","MaterialUnitPriceId","MaterialId","Quantity","CreatedBy","CreatedOn","LastModifiedBy","LastModifiedOn","DeletedOn","DeletedBy") VALUES
	 ('07405552-b30f-4ec2-9399-362899dd235a'::uuid,'15310d41-52fb-4f31-8a4b-3304de1f7d44'::uuid,'dd6311cd-9f06-4bfe-b0fa-bbe3ca2193e1'::uuid,2.0,0,'2025-12-05 11:17:07.890187+07',0,'2025-12-05 11:17:07.890187+07','2025-12-10 11:36:04.880759+07',0),
	 ('2efc9357-8414-4f04-9dfb-9eee0a815102'::uuid,'15310d41-52fb-4f31-8a4b-3304de1f7d44'::uuid,'11aa969c-1ac5-4355-b103-0bd389794817'::uuid,1.0,0,'2025-12-05 11:17:07.890193+07',0,'2025-12-05 11:17:07.890193+07','2025-12-10 11:36:04.880442+07',0),
	 ('a2359156-6c33-4d70-a066-fafecaa56402'::uuid,'15310d41-52fb-4f31-8a4b-3304de1f7d44'::uuid,'a4aba258-9a72-4ec0-9201-a49a736671a7'::uuid,4.0,0,'2025-12-05 11:17:07.890183+07',0,'2025-12-05 11:17:07.890183+07','2025-12-10 11:36:04.88076+07',0),
	 ('b903b43c-0ea9-4155-8e2c-265ededb584e'::uuid,'15310d41-52fb-4f31-8a4b-3304de1f7d44'::uuid,'972e8685-0593-4b6e-8e1c-7301d3e1112b'::uuid,3.0,0,'2025-12-05 11:17:07.890189+07',0,'2025-12-05 11:17:07.890189+07','2025-12-10 11:36:04.880761+07',0),
	 ('d5f0ed20-2827-4236-a3df-e9b7e95065ad'::uuid,'15310d41-52fb-4f31-8a4b-3304de1f7d44'::uuid,'161d648a-07dd-409f-aeb3-161bff2e5b70'::uuid,1.0,0,'2025-12-05 11:17:07.890194+07',0,'2025-12-05 11:17:07.890194+07','2025-12-10 11:36:04.880753+07',0),
	 ('ddc1c5b9-30fa-4d32-8706-168907c6f696'::uuid,'15310d41-52fb-4f31-8a4b-3304de1f7d44'::uuid,'41109446-19b8-4dd0-b80a-2317dd96ffaa'::uuid,1.0,0,'2025-12-05 11:17:07.890195+07',0,'2025-12-05 11:17:07.890195+07','2025-12-10 11:36:04.880757+07',0),
	 ('2486e4ed-3380-46cc-a18d-89dee97fae97'::uuid,'763d87e5-ce30-48c1-b233-5acff916de27'::uuid,'c4346b5a-7178-4453-b5cf-1ca76eae07e6'::uuid,1.0,0,'2025-12-10 14:26:51.85433+07',0,'2025-12-10 14:26:51.85433+07','2025-12-16 15:03:05.799316+07',0),
	 ('861a2a81-048b-467b-a4c3-9710f15df5a9'::uuid,'763d87e5-ce30-48c1-b233-5acff916de27'::uuid,'ed5947b5-ccee-4e2d-9362-14e1cf43936c'::uuid,1.0,0,'2025-12-10 14:26:51.854333+07',0,'2025-12-10 14:26:51.854333+07','2025-12-16 15:03:05.799323+07',0),
	 ('90111899-41be-4071-a7b5-4eaadcb23581'::uuid,'763d87e5-ce30-48c1-b233-5acff916de27'::uuid,'d069844b-4662-4c27-b7d0-aea8c8b8be27'::uuid,1.0,0,'2025-12-10 14:26:51.854259+07',0,'2025-12-10 14:26:51.854259+07','2025-12-16 15:03:05.799324+07',0),
	 ('8478213a-93be-4e3e-96a6-5d7298bc8c1c'::uuid,'763d87e5-ce30-48c1-b233-5acff916de27'::uuid,'d069844b-4662-4c27-b7d0-aea8c8b8be27'::uuid,1.0,0,'2025-12-16 15:03:05.765405+07',0,'2025-12-16 15:03:05.765405+07',NULL,NULL),
	 ('168a86bb-7174-412c-95e9-dc4850b9f90a'::uuid,'71a195c0-039e-4305-8b54-b9ee9b737f1f'::uuid,'1445da29-c500-4ce7-b88d-f8f433d03626'::uuid,1.0,0,'2025-12-05 09:26:19.461941+07',0,'2025-12-05 09:26:19.461942+07','2025-12-05 09:35:52.417172+07',0),
	 ('50505723-05a7-4416-9cd0-da90b8d55804'::uuid,'71a195c0-039e-4305-8b54-b9ee9b737f1f'::uuid,'972e8685-0593-4b6e-8e1c-7301d3e1112b'::uuid,1.0,0,'2025-12-05 09:26:19.462008+07',0,'2025-12-05 09:26:19.462008+07','2025-12-05 09:35:52.417466+07',0),
	 ('647d9161-8b4e-46f8-b29d-258be098152f'::uuid,'71a195c0-039e-4305-8b54-b9ee9b737f1f'::uuid,'a4aba258-9a72-4ec0-9201-a49a736671a7'::uuid,1.0,0,'2025-12-05 09:26:19.462009+07',0,'2025-12-05 09:26:19.462009+07','2025-12-05 09:35:52.417471+07',0),
	 ('69d64c72-7b92-40b8-a95c-aa5de6929542'::uuid,'71a195c0-039e-4305-8b54-b9ee9b737f1f'::uuid,'dd6311cd-9f06-4bfe-b0fa-bbe3ca2193e1'::uuid,1.0,0,'2025-12-05 09:26:19.462008+07',0,'2025-12-05 09:26:19.462008+07','2025-12-05 09:35:52.417472+07',0),
	 ('b73d11fe-5b7c-4495-902d-ea0d128480c4'::uuid,'763d87e5-ce30-48c1-b233-5acff916de27'::uuid,'c4346b5a-7178-4453-b5cf-1ca76eae07e6'::uuid,1.0,0,'2025-12-16 15:03:05.765331+07',0,'2025-12-16 15:03:05.765331+07',NULL,NULL),
	 ('f6f2c016-b459-4fbd-91f0-7d7bac1977ab'::uuid,'763d87e5-ce30-48c1-b233-5acff916de27'::uuid,'ed5947b5-ccee-4e2d-9362-14e1cf43936c'::uuid,1.0,0,'2025-12-16 15:03:05.765401+07',0,'2025-12-16 15:03:05.765401+07',NULL,NULL),
	 ('003f07af-19b3-4537-9c5f-dda95cd986ad'::uuid,'15310d41-52fb-4f31-8a4b-3304de1f7d44'::uuid,'161d648a-07dd-409f-aeb3-161bff2e5b70'::uuid,1.0,0,'2025-12-10 11:36:04.796705+07',0,'2025-12-10 11:36:04.796705+07','2025-12-16 15:03:21.385889+07',0),
	 ('0ed96b4e-9143-4b12-b965-173dd05a6d43'::uuid,'15310d41-52fb-4f31-8a4b-3304de1f7d44'::uuid,'41109446-19b8-4dd0-b80a-2317dd96ffaa'::uuid,1.0,0,'2025-12-10 11:36:04.796707+07',0,'2025-12-10 11:36:04.796707+07','2025-12-16 15:03:21.385891+07',0),
	 ('274f8cbb-cba9-47ed-8f79-9dedf12302ba'::uuid,'15310d41-52fb-4f31-8a4b-3304de1f7d44'::uuid,'972e8685-0593-4b6e-8e1c-7301d3e1112b'::uuid,3.0,0,'2025-12-10 11:36:04.796672+07',0,'2025-12-10 11:36:04.796672+07','2025-12-16 15:03:21.385892+07',0),
	 ('25907797-4ac2-4579-ad0c-726cf93221ca'::uuid,'71a195c0-039e-4305-8b54-b9ee9b737f1f'::uuid,'a4aba258-9a72-4ec0-9201-a49a736671a7'::uuid,1.0,0,'2025-12-05 09:35:52.398584+07',0,'2025-12-05 09:35:52.398584+07','2025-12-05 10:04:55.714594+07',0);
INSERT INTO "Pricing"."MaterialUnitPriceAssignmentCode" ("Id","MaterialUnitPriceId","MaterialId","Quantity","CreatedBy","CreatedOn","LastModifiedBy","LastModifiedOn","DeletedOn","DeletedBy") VALUES
	 ('4254abfe-2b83-4304-9c80-77b7854dce97'::uuid,'71a195c0-039e-4305-8b54-b9ee9b737f1f'::uuid,'dd6311cd-9f06-4bfe-b0fa-bbe3ca2193e1'::uuid,1.0,0,'2025-12-05 09:35:52.398585+07',0,'2025-12-05 09:35:52.398585+07','2025-12-05 10:04:55.714607+07',0),
	 ('8cbf451b-1de3-4ca7-a7fa-e14e6a24e65b'::uuid,'71a195c0-039e-4305-8b54-b9ee9b737f1f'::uuid,'1445da29-c500-4ce7-b88d-f8f433d03626'::uuid,2.0,0,'2025-12-05 09:35:52.398581+07',0,'2025-12-05 09:35:52.398581+07','2025-12-05 10:04:55.714609+07',0),
	 ('da0d6b4a-9622-4cab-9e4a-c7964a163d01'::uuid,'71a195c0-039e-4305-8b54-b9ee9b737f1f'::uuid,'972e8685-0593-4b6e-8e1c-7301d3e1112b'::uuid,1.0,0,'2025-12-05 09:35:52.398583+07',0,'2025-12-05 09:35:52.398583+07','2025-12-05 10:04:55.71461+07',0),
	 ('89ab7caf-1b53-4734-8f82-85f10d296e91'::uuid,'15310d41-52fb-4f31-8a4b-3304de1f7d44'::uuid,'dd6311cd-9f06-4bfe-b0fa-bbe3ca2193e1'::uuid,2.0,0,'2025-12-10 11:36:04.796625+07',0,'2025-12-10 11:36:04.796625+07','2025-12-16 15:03:21.385892+07',0),
	 ('dfd02dd6-4f05-4248-8e22-fb8d72c9b433'::uuid,'15310d41-52fb-4f31-8a4b-3304de1f7d44'::uuid,'11aa969c-1ac5-4355-b103-0bd389794817'::uuid,1.0,0,'2025-12-10 11:36:04.796697+07',0,'2025-12-10 11:36:04.796697+07','2025-12-16 15:03:21.385893+07',0),
	 ('eae3ccf7-67f2-426a-b632-e246a0a5c2d6'::uuid,'15310d41-52fb-4f31-8a4b-3304de1f7d44'::uuid,'a4aba258-9a72-4ec0-9201-a49a736671a7'::uuid,4.0,0,'2025-12-10 11:36:04.796671+07',0,'2025-12-10 11:36:04.796671+07','2025-12-16 15:03:21.385894+07',0),
	 ('9c289e90-3737-4b61-8a43-d196d6a5d22c'::uuid,'15310d41-52fb-4f31-8a4b-3304de1f7d44'::uuid,'972e8685-0593-4b6e-8e1c-7301d3e1112b'::uuid,3.0,0,'2025-12-05 10:08:47.799042+07',0,'2025-12-05 10:08:47.799043+07','2025-12-05 10:09:42.499757+07',0),
	 ('a62b03a0-b179-49b6-8d8b-f1fdbbb15aa3'::uuid,'15310d41-52fb-4f31-8a4b-3304de1f7d44'::uuid,'dd6311cd-9f06-4bfe-b0fa-bbe3ca2193e1'::uuid,2.0,0,'2025-12-05 10:08:47.799041+07',0,'2025-12-05 10:08:47.799041+07','2025-12-05 10:09:42.499762+07',0),
	 ('b7952ecc-842a-4ee6-923f-7683c0aed0b0'::uuid,'15310d41-52fb-4f31-8a4b-3304de1f7d44'::uuid,'a4aba258-9a72-4ec0-9201-a49a736671a7'::uuid,4.0,0,'2025-12-05 10:08:47.799043+07',0,'2025-12-05 10:08:47.799043+07','2025-12-05 10:09:42.499763+07',0),
	 ('b7d74541-d6b8-4e70-a51c-4e361e8c9d95'::uuid,'15310d41-52fb-4f31-8a4b-3304de1f7d44'::uuid,'1445da29-c500-4ce7-b88d-f8f433d03626'::uuid,1.0,0,'2025-12-05 10:08:47.798989+07',0,'2025-12-05 10:08:47.79899+07','2025-12-05 10:09:42.499765+07',0),
	 ('131c51ff-a719-4466-964b-cb61689933a0'::uuid,'15310d41-52fb-4f31-8a4b-3304de1f7d44'::uuid,'a4aba258-9a72-4ec0-9201-a49a736671a7'::uuid,4.0,0,'2025-12-05 10:09:42.491733+07',0,'2025-12-05 10:09:42.491733+07','2025-12-05 11:17:07.890668+07',0),
	 ('8a1ba1f8-8263-4bac-9a8f-44da165f32f3'::uuid,'15310d41-52fb-4f31-8a4b-3304de1f7d44'::uuid,'dd6311cd-9f06-4bfe-b0fa-bbe3ca2193e1'::uuid,2.0,0,'2025-12-05 10:09:42.491732+07',0,'2025-12-05 10:09:42.491732+07','2025-12-05 11:17:07.89067+07',0),
	 ('b5a0c2f1-34b7-4b44-9d0c-dfbc61b709ad'::uuid,'15310d41-52fb-4f31-8a4b-3304de1f7d44'::uuid,'972e8685-0593-4b6e-8e1c-7301d3e1112b'::uuid,3.0,0,'2025-12-05 10:09:42.491729+07',0,'2025-12-05 10:09:42.49173+07','2025-12-05 11:17:07.890672+07',0),
	 ('507061cd-2b33-4144-9edd-417f80c400e0'::uuid,'15310d41-52fb-4f31-8a4b-3304de1f7d44'::uuid,'dd6311cd-9f06-4bfe-b0fa-bbe3ca2193e1'::uuid,2.0,0,'2025-12-16 15:03:21.385357+07',0,'2025-12-16 15:03:21.385357+07','2025-12-16 15:03:32.068996+07',0),
	 ('5f370de1-c287-4149-8de3-f39059e3e07e'::uuid,'15310d41-52fb-4f31-8a4b-3304de1f7d44'::uuid,'a4aba258-9a72-4ec0-9201-a49a736671a7'::uuid,4.0,0,'2025-12-16 15:03:21.385358+07',0,'2025-12-16 15:03:21.385358+07','2025-12-16 15:03:32.068997+07',0),
	 ('8c500d65-c086-4ab2-a4d7-c5c556e729f6'::uuid,'15310d41-52fb-4f31-8a4b-3304de1f7d44'::uuid,'11aa969c-1ac5-4355-b103-0bd389794817'::uuid,1.0,0,'2025-12-16 15:03:21.385335+07',0,'2025-12-16 15:03:21.385335+07','2025-12-16 15:03:32.068998+07',0),
	 ('aea6ba59-3e52-4c6b-b6a7-3a6de5cd10bf'::uuid,'15310d41-52fb-4f31-8a4b-3304de1f7d44'::uuid,'972e8685-0593-4b6e-8e1c-7301d3e1112b'::uuid,3.0,0,'2025-12-16 15:03:21.385355+07',0,'2025-12-16 15:03:21.385356+07','2025-12-16 15:03:32.068998+07',0),
	 ('cb1a9ec3-c4e8-4fde-a941-63714407fdbd'::uuid,'15310d41-52fb-4f31-8a4b-3304de1f7d44'::uuid,'41109446-19b8-4dd0-b80a-2317dd96ffaa'::uuid,1.0,0,'2025-12-16 15:03:21.385334+07',0,'2025-12-16 15:03:21.385334+07','2025-12-16 15:03:32.068999+07',0),
	 ('d3676267-69c6-4108-999c-a2e2b7440bb9'::uuid,'15310d41-52fb-4f31-8a4b-3304de1f7d44'::uuid,'161d648a-07dd-409f-aeb3-161bff2e5b70'::uuid,1.0,0,'2025-12-16 15:03:21.385332+07',0,'2025-12-16 15:03:21.385332+07','2025-12-16 15:03:32.068999+07',0),
	 ('24cf9392-79f2-4fe7-892a-f31e5ef5060e'::uuid,'15310d41-52fb-4f31-8a4b-3304de1f7d44'::uuid,'a4aba258-9a72-4ec0-9201-a49a736671a7'::uuid,4.0,0,'2025-12-16 15:03:32.068483+07',0,'2025-12-16 15:03:32.068483+07',NULL,NULL);
INSERT INTO "Pricing"."MaterialUnitPriceAssignmentCode" ("Id","MaterialUnitPriceId","MaterialId","Quantity","CreatedBy","CreatedOn","LastModifiedBy","LastModifiedOn","DeletedOn","DeletedBy") VALUES
	 ('414ba974-5504-4031-99af-a9d3b4d9c3c7'::uuid,'15310d41-52fb-4f31-8a4b-3304de1f7d44'::uuid,'161d648a-07dd-409f-aeb3-161bff2e5b70'::uuid,1.0,0,'2025-12-16 15:03:32.068468+07',0,'2025-12-16 15:03:32.068468+07',NULL,NULL),
	 ('705932bc-cc79-4e13-8793-eaf23215f3e5'::uuid,'15310d41-52fb-4f31-8a4b-3304de1f7d44'::uuid,'972e8685-0593-4b6e-8e1c-7301d3e1112b'::uuid,3.0,0,'2025-12-16 15:03:32.068495+07',0,'2025-12-16 15:03:32.068495+07',NULL,NULL),
	 ('758ed9ad-3b99-4bb4-9081-8dcacd72b89d'::uuid,'15310d41-52fb-4f31-8a4b-3304de1f7d44'::uuid,'11aa969c-1ac5-4355-b103-0bd389794817'::uuid,1.0,0,'2025-12-16 15:03:32.068465+07',0,'2025-12-16 15:03:32.068465+07',NULL,NULL),
	 ('9981e1ff-acfb-4246-9deb-551af75efb76'::uuid,'15310d41-52fb-4f31-8a4b-3304de1f7d44'::uuid,'dd6311cd-9f06-4bfe-b0fa-bbe3ca2193e1'::uuid,2.0,0,'2025-12-16 15:03:32.068481+07',0,'2025-12-16 15:03:32.068481+07',NULL,NULL),
	 ('f93f7159-8b7b-44bd-a768-6651ab9e68d8'::uuid,'15310d41-52fb-4f31-8a4b-3304de1f7d44'::uuid,'41109446-19b8-4dd0-b80a-2317dd96ffaa'::uuid,1.0,0,'2025-12-16 15:03:32.068467+07',0,'2025-12-16 15:03:32.068467+07',NULL,NULL);


INSERT INTO "Pricing"."SlideUnitPriceAssignmentCode" ("Id","SlideUnitPriceId","MaterialId","Amount","Quantity","CreatedBy","CreatedOn","LastModifiedBy","LastModifiedOn","DeletedOn","DeletedBy") VALUES
	 ('b57af84b-4521-4c9c-a27e-cebff5805c70'::uuid,'c59e5813-cc81-48cd-9069-71731a65024d'::uuid,'01e821fe-8dbc-4b9d-a304-8d78fe77b5ea'::uuid,1.0,1.0,0,'2025-12-05 13:31:31.942664+07',0,'2025-12-05 13:31:31.942665+07','2025-12-05 13:40:38.898821+07',0),
	 ('1e78e163-04d4-4a97-a228-9f817a81c88b'::uuid,'137d935b-4655-4759-a465-427bb85b56aa'::uuid,'d069844b-4662-4c27-b7d0-aea8c8b8be27'::uuid,1.0,1.0,0,'2025-12-05 14:58:48.209871+07',0,'2025-12-05 14:58:48.209871+07','2025-12-10 15:40:56.329757+07',0),
	 ('3662cff5-9cf4-45c7-9b87-dc1edf1ebd13'::uuid,'137d935b-4655-4759-a465-427bb85b56aa'::uuid,'01e821fe-8dbc-4b9d-a304-8d78fe77b5ea'::uuid,1.0,1.0,0,'2025-12-05 14:58:48.209894+07',0,'2025-12-05 14:58:48.209894+07','2025-12-10 15:40:56.329762+07',0),
	 ('4329a69e-1a87-46ca-87bc-c218bc15d8b3'::uuid,'137d935b-4655-4759-a465-427bb85b56aa'::uuid,'a4aba258-9a72-4ec0-9201-a49a736671a7'::uuid,45200.0,1.0,0,'2025-12-05 14:58:48.209636+07',0,'2025-12-05 14:58:48.209636+07','2025-12-10 15:40:56.329763+07',0),
	 ('6b20dea0-2369-4ab6-86df-613cdbebb20f'::uuid,'137d935b-4655-4759-a465-427bb85b56aa'::uuid,'41109446-19b8-4dd0-b80a-2317dd96ffaa'::uuid,20000.0,1.0,0,'2025-12-05 14:58:48.209853+07',0,'2025-12-05 14:58:48.209854+07','2025-12-10 15:40:56.329764+07',0),
	 ('73d5a23e-eafd-42b7-877d-2b96e5acdff5'::uuid,'137d935b-4655-4759-a465-427bb85b56aa'::uuid,'972e8685-0593-4b6e-8e1c-7301d3e1112b'::uuid,11700.0,1.0,0,'2025-12-05 14:58:48.209633+07',0,'2025-12-05 14:58:48.209633+07','2025-12-10 15:40:56.329765+07',0),
	 ('7c14e9c9-4252-40ea-9735-9eaeb5e019dc'::uuid,'137d935b-4655-4759-a465-427bb85b56aa'::uuid,'ed5947b5-ccee-4e2d-9362-14e1cf43936c'::uuid,80000.0,1.0,0,'2025-12-05 14:58:48.209881+07',0,'2025-12-05 14:58:48.209881+07','2025-12-10 15:40:56.329765+07',0),
	 ('b40a0f7b-6c7f-40f5-b07b-93e2d1901a4d'::uuid,'137d935b-4655-4759-a465-427bb85b56aa'::uuid,'61c70847-e7a6-43fa-869f-cfed0400078b'::uuid,1.0,1.0,0,'2025-12-05 14:09:31.741935+07',0,'2025-12-05 14:09:31.741935+07','2025-12-05 14:19:48.564022+07',0),
	 ('7de57129-33ec-4345-b718-b59b3fedfe1f'::uuid,'137d935b-4655-4759-a465-427bb85b56aa'::uuid,'dd6311cd-9f06-4bfe-b0fa-bbe3ca2193e1'::uuid,8700.0,1.0,0,'2025-12-05 14:58:48.208983+07',0,'2025-12-05 14:58:48.208984+07','2025-12-10 15:40:56.329766+07',0),
	 ('89ce3105-3b99-4913-9e84-1ac8063abf10'::uuid,'137d935b-4655-4759-a465-427bb85b56aa'::uuid,'431eca4c-bddb-4650-a195-1934ed36f10d'::uuid,1.0,1.0,0,'2025-12-05 14:58:48.209773+07',0,'2025-12-05 14:58:48.209773+07','2025-12-10 15:40:56.329766+07',0),
	 ('91565782-991b-4881-82ea-a76e20a0c3d0'::uuid,'137d935b-4655-4759-a465-427bb85b56aa'::uuid,'61c70847-e7a6-43fa-869f-cfed0400078b'::uuid,1.0,1.0,0,'2025-12-05 14:58:48.209876+07',0,'2025-12-05 14:58:48.209876+07','2025-12-10 15:40:56.329767+07',0),
	 ('a634c795-f8ab-43fc-9d64-7441657d1cfa'::uuid,'137d935b-4655-4759-a465-427bb85b56aa'::uuid,'1445da29-c500-4ce7-b88d-f8f433d03626'::uuid,656.0,1.0,0,'2025-12-05 14:58:48.209634+07',0,'2025-12-05 14:58:48.209634+07','2025-12-10 15:40:56.329769+07',0),
	 ('aba50a2d-9919-428e-9bf7-8145e30e4be0'::uuid,'137d935b-4655-4759-a465-427bb85b56aa'::uuid,'c4346b5a-7178-4453-b5cf-1ca76eae07e6'::uuid,225000.0,1.0,0,'2025-12-05 14:58:48.209864+07',0,'2025-12-05 14:58:48.209864+07','2025-12-10 15:40:56.329769+07',0),
	 ('af80939f-3378-404d-a2dd-b706357c1814'::uuid,'17bb7668-261b-4f76-a583-fea67b0ac97e'::uuid,'ed5947b5-ccee-4e2d-9362-14e1cf43936c'::uuid,80000.0,1.0,0,'2025-12-10 14:30:12.078943+07',0,'2025-12-10 14:30:12.078943+07','2025-12-14 22:08:58.560108+07',0),
	 ('4b25e509-6c12-4136-99ad-41ad85b64be7'::uuid,'a6b7a961-77d1-4adb-b880-94c12111effa'::uuid,'9160cda3-776f-4cd6-87a6-3e049f5e3134'::uuid,1500000.0,20.0,0,'2025-12-14 22:14:07.871624+07',0,'2025-12-14 22:14:07.871624+07',NULL,NULL),
	 ('c6137c33-44c7-46e9-8d70-2d62257c8a86'::uuid,'a6b7a961-77d1-4adb-b880-94c12111effa'::uuid,'8b774a68-59ba-4e71-91c2-14f30ba832c0'::uuid,3000000.0,10.0,0,'2025-12-14 22:14:07.871689+07',0,'2025-12-14 22:14:07.871689+07',NULL,NULL),
	 ('0ce428ef-1e03-4442-8841-32082ca51152'::uuid,'137d935b-4655-4759-a465-427bb85b56aa'::uuid,'dd6311cd-9f06-4bfe-b0fa-bbe3ca2193e1'::uuid,8700.0,1.0,0,'2025-12-05 14:19:48.556173+07',0,'2025-12-05 14:19:48.556173+07','2025-12-05 14:47:52.686289+07',0),
	 ('105261f2-f38c-48b3-a4da-7bdeb00027d5'::uuid,'137d935b-4655-4759-a465-427bb85b56aa'::uuid,'431eca4c-bddb-4650-a195-1934ed36f10d'::uuid,1.0,1.0,0,'2025-12-05 14:19:48.556156+07',0,'2025-12-05 14:19:48.556157+07','2025-12-05 14:47:52.686587+07',0),
	 ('1ac6f3f3-b1dc-4d88-ab6c-540a2f15deb6'::uuid,'137d935b-4655-4759-a465-427bb85b56aa'::uuid,'972e8685-0593-4b6e-8e1c-7301d3e1112b'::uuid,11700.0,1.0,0,'2025-12-05 14:19:48.556175+07',0,'2025-12-05 14:19:48.556175+07','2025-12-05 14:47:52.686593+07',0),
	 ('28cc7a18-c43d-4db5-956a-12d1fa82c9fb'::uuid,'137d935b-4655-4759-a465-427bb85b56aa'::uuid,'11aa969c-1ac5-4355-b103-0bd389794817'::uuid,40000.0,1.0,0,'2025-12-05 14:19:48.55618+07',0,'2025-12-05 14:19:48.55618+07','2025-12-05 14:47:52.686595+07',0);
INSERT INTO "Pricing"."SlideUnitPriceAssignmentCode" ("Id","SlideUnitPriceId","MaterialId","Amount","Quantity","CreatedBy","CreatedOn","LastModifiedBy","LastModifiedOn","DeletedOn","DeletedBy") VALUES
	 ('4876d6bb-421c-40bf-b925-24e2673e620e'::uuid,'137d935b-4655-4759-a465-427bb85b56aa'::uuid,'1445da29-c500-4ce7-b88d-f8f433d03626'::uuid,656.0,1.0,0,'2025-12-05 14:19:48.556172+07',0,'2025-12-05 14:19:48.556172+07','2025-12-05 14:47:52.686596+07',0),
	 ('4b68ba5d-9b51-4d93-89e8-fde7a16470b0'::uuid,'137d935b-4655-4759-a465-427bb85b56aa'::uuid,'161d648a-07dd-409f-aeb3-161bff2e5b70'::uuid,30000.0,1.0,0,'2025-12-05 14:19:48.55618+07',0,'2025-12-05 14:19:48.55618+07','2025-12-05 14:47:52.686597+07',0),
	 ('5f3aa555-7522-4463-af3c-d1bfc8ed55bf'::uuid,'137d935b-4655-4759-a465-427bb85b56aa'::uuid,'a4aba258-9a72-4ec0-9201-a49a736671a7'::uuid,45200.0,1.0,0,'2025-12-05 14:19:48.556176+07',0,'2025-12-05 14:19:48.556176+07','2025-12-05 14:47:52.686599+07',0),
	 ('6af96191-48b1-4cb6-b1eb-d45bb38dafc6'::uuid,'137d935b-4655-4759-a465-427bb85b56aa'::uuid,'41109446-19b8-4dd0-b80a-2317dd96ffaa'::uuid,20000.0,1.0,0,'2025-12-05 14:19:48.556181+07',0,'2025-12-05 14:19:48.556181+07','2025-12-05 14:47:52.6866+07',0),
	 ('71caf4c2-002e-4f38-b1e9-e39bdabd9dd7'::uuid,'137d935b-4655-4759-a465-427bb85b56aa'::uuid,'c4346b5a-7178-4453-b5cf-1ca76eae07e6'::uuid,225000.0,1.0,0,'2025-12-05 14:19:48.556165+07',0,'2025-12-05 14:19:48.556165+07','2025-12-05 14:47:52.686602+07',0),
	 ('aa1d5d8f-3326-41ba-93db-f16956da2108'::uuid,'137d935b-4655-4759-a465-427bb85b56aa'::uuid,'d069844b-4662-4c27-b7d0-aea8c8b8be27'::uuid,1.0,1.0,0,'2025-12-05 14:19:48.55616+07',0,'2025-12-05 14:19:48.55616+07','2025-12-05 14:47:52.686603+07',0),
	 ('d46e702f-fa1e-40aa-8df8-baaee8c3cfb7'::uuid,'137d935b-4655-4759-a465-427bb85b56aa'::uuid,'61c70847-e7a6-43fa-869f-cfed0400078b'::uuid,1.0,1.0,0,'2025-12-05 14:19:48.556137+07',0,'2025-12-05 14:19:48.556137+07','2025-12-05 14:47:52.686607+07',0),
	 ('e88bdd15-0b05-4545-a4fe-8cdcca12b084'::uuid,'137d935b-4655-4759-a465-427bb85b56aa'::uuid,'ed5947b5-ccee-4e2d-9362-14e1cf43936c'::uuid,80000.0,1.0,0,'2025-12-05 14:19:48.556168+07',0,'2025-12-05 14:19:48.556168+07','2025-12-05 14:47:52.686605+07',0),
	 ('f10960f7-2c3e-4abc-9834-e592360360bf'::uuid,'137d935b-4655-4759-a465-427bb85b56aa'::uuid,'01e821fe-8dbc-4b9d-a304-8d78fe77b5ea'::uuid,1.0,1.0,0,'2025-12-05 14:19:48.556151+07',0,'2025-12-05 14:19:48.556151+07','2025-12-05 14:47:52.686606+07',0),
	 ('04ab1a1e-ecbe-4c4f-961c-61fc18733dbb'::uuid,'137d935b-4655-4759-a465-427bb85b56aa'::uuid,'ed5947b5-ccee-4e2d-9362-14e1cf43936c'::uuid,80000.0,1.0,0,'2025-12-05 14:47:52.597498+07',0,'2025-12-05 14:47:52.597498+07','2025-12-05 14:48:12.625106+07',0),
	 ('2a3754ec-4fa7-4475-a696-e89ade8a34d0'::uuid,'137d935b-4655-4759-a465-427bb85b56aa'::uuid,'1445da29-c500-4ce7-b88d-f8f433d03626'::uuid,656.0,1.0,0,'2025-12-05 14:47:52.597439+07',0,'2025-12-05 14:47:52.597439+07','2025-12-05 14:48:12.625108+07',0),
	 ('32abbd4d-75a2-49a3-b86c-6a142814086e'::uuid,'137d935b-4655-4759-a465-427bb85b56aa'::uuid,'c4346b5a-7178-4453-b5cf-1ca76eae07e6'::uuid,225000.0,1.0,0,'2025-12-05 14:47:52.597489+07',0,'2025-12-05 14:47:52.59749+07','2025-12-05 14:48:12.625109+07',0),
	 ('57fe013a-878c-43bb-86dc-e39c9c2f2984'::uuid,'137d935b-4655-4759-a465-427bb85b56aa'::uuid,'161d648a-07dd-409f-aeb3-161bff2e5b70'::uuid,30000.0,1.0,0,'2025-12-05 14:47:52.597484+07',0,'2025-12-05 14:47:52.597484+07','2025-12-05 14:48:12.62511+07',0),
	 ('64b54382-20cc-4f42-a957-2afb72de91f7'::uuid,'137d935b-4655-4759-a465-427bb85b56aa'::uuid,'431eca4c-bddb-4650-a195-1934ed36f10d'::uuid,1.0,1.0,0,'2025-12-05 14:47:52.597465+07',0,'2025-12-05 14:47:52.597465+07','2025-12-05 14:48:12.625111+07',0),
	 ('65167bac-295c-4a4e-a559-6d9f57192a9a'::uuid,'137d935b-4655-4759-a465-427bb85b56aa'::uuid,'a4aba258-9a72-4ec0-9201-a49a736671a7'::uuid,45200.0,1.0,0,'2025-12-05 14:47:52.59744+07',0,'2025-12-05 14:47:52.59744+07','2025-12-05 14:48:12.625111+07',0),
	 ('65780376-6ac5-42bf-a380-26e633bed12e'::uuid,'137d935b-4655-4759-a465-427bb85b56aa'::uuid,'41109446-19b8-4dd0-b80a-2317dd96ffaa'::uuid,20000.0,1.0,0,'2025-12-05 14:47:52.597486+07',0,'2025-12-05 14:47:52.597487+07','2025-12-05 14:48:12.625112+07',0),
	 ('705ddbca-4c91-49cd-98a8-e509aef226f7'::uuid,'137d935b-4655-4759-a465-427bb85b56aa'::uuid,'11aa969c-1ac5-4355-b103-0bd389794817'::uuid,40000.0,1.0,0,'2025-12-05 14:47:52.597483+07',0,'2025-12-05 14:47:52.597483+07','2025-12-05 14:48:12.625113+07',0),
	 ('803f6e84-13f7-4d4f-8e53-54364481ecec'::uuid,'137d935b-4655-4759-a465-427bb85b56aa'::uuid,'01e821fe-8dbc-4b9d-a304-8d78fe77b5ea'::uuid,1.0,1.0,0,'2025-12-05 14:47:52.597501+07',0,'2025-12-05 14:47:52.597501+07','2025-12-05 14:48:12.625113+07',0),
	 ('93599f2c-b7c4-4bb8-9e7d-23aa721595a4'::uuid,'137d935b-4655-4759-a465-427bb85b56aa'::uuid,'61c70847-e7a6-43fa-869f-cfed0400078b'::uuid,1.0,1.0,0,'2025-12-05 14:47:52.597495+07',0,'2025-12-05 14:47:52.597495+07','2025-12-05 14:48:12.625114+07',0),
	 ('93d210a2-7d69-4eb9-87b2-9ce4d7310ae5'::uuid,'137d935b-4655-4759-a465-427bb85b56aa'::uuid,'d069844b-4662-4c27-b7d0-aea8c8b8be27'::uuid,1.0,1.0,0,'2025-12-05 14:47:52.597492+07',0,'2025-12-05 14:47:52.597492+07','2025-12-05 14:48:12.625115+07',0);
INSERT INTO "Pricing"."SlideUnitPriceAssignmentCode" ("Id","SlideUnitPriceId","MaterialId","Amount","Quantity","CreatedBy","CreatedOn","LastModifiedBy","LastModifiedOn","DeletedOn","DeletedBy") VALUES
	 ('d99cc5fc-c991-4ae9-b736-fd2256c3a8de'::uuid,'137d935b-4655-4759-a465-427bb85b56aa'::uuid,'972e8685-0593-4b6e-8e1c-7301d3e1112b'::uuid,11700.0,1.0,0,'2025-12-05 14:47:52.597437+07',0,'2025-12-05 14:47:52.597437+07','2025-12-05 14:48:12.625115+07',0),
	 ('f6f7d076-48f0-4837-a432-f60761a8b017'::uuid,'137d935b-4655-4759-a465-427bb85b56aa'::uuid,'dd6311cd-9f06-4bfe-b0fa-bbe3ca2193e1'::uuid,8700.0,1.0,0,'2025-12-05 14:47:52.597377+07',0,'2025-12-05 14:47:52.597377+07','2025-12-05 14:48:12.625116+07',0),
	 ('106ec435-9b89-4a3f-9dfb-18c993941ac3'::uuid,'137d935b-4655-4759-a465-427bb85b56aa'::uuid,'1445da29-c500-4ce7-b88d-f8f433d03626'::uuid,656.0,1.0,0,'2025-12-05 14:48:12.618262+07',0,'2025-12-05 14:48:12.618262+07','2025-12-05 14:48:20.047478+07',0),
	 ('1b31215a-d9a6-4ed4-9824-e2d54819a91d'::uuid,'137d935b-4655-4759-a465-427bb85b56aa'::uuid,'d069844b-4662-4c27-b7d0-aea8c8b8be27'::uuid,1.0,1.0,0,'2025-12-05 14:48:12.618289+07',0,'2025-12-05 14:48:12.618289+07','2025-12-05 14:48:20.04748+07',0),
	 ('1fa93840-5441-491e-af4e-2f1102747a01'::uuid,'137d935b-4655-4759-a465-427bb85b56aa'::uuid,'41109446-19b8-4dd0-b80a-2317dd96ffaa'::uuid,20000.0,1.0,0,'2025-12-05 14:48:12.618274+07',0,'2025-12-05 14:48:12.618274+07','2025-12-05 14:48:20.047482+07',0),
	 ('21cf9099-f77a-45e4-9728-8bb929100ff9'::uuid,'137d935b-4655-4759-a465-427bb85b56aa'::uuid,'61c70847-e7a6-43fa-869f-cfed0400078b'::uuid,1.0,1.0,0,'2025-12-05 14:48:12.618286+07',0,'2025-12-05 14:48:12.618286+07','2025-12-05 14:48:20.047483+07',0),
	 ('2879cee6-d4e6-43b9-a042-79ab8c38dc98'::uuid,'137d935b-4655-4759-a465-427bb85b56aa'::uuid,'431eca4c-bddb-4650-a195-1934ed36f10d'::uuid,1.0,1.0,0,'2025-12-05 14:48:12.618277+07',0,'2025-12-05 14:48:12.618277+07','2025-12-05 14:48:20.047484+07',0),
	 ('17b36d9a-8d3d-41e5-ab51-f6dca54a45db'::uuid,'137d935b-4655-4759-a465-427bb85b56aa'::uuid,'a4aba258-9a72-4ec0-9201-a49a736671a7'::uuid,45200.0,1.0,0,'2025-12-05 14:48:27.969614+07',0,'2025-12-05 14:48:27.969614+07','2025-12-05 14:58:48.690738+07',0),
	 ('23db6d1f-7d7c-4bed-939d-20df53d2c67b'::uuid,'137d935b-4655-4759-a465-427bb85b56aa'::uuid,'41109446-19b8-4dd0-b80a-2317dd96ffaa'::uuid,20000.0,1.0,0,'2025-12-05 14:48:27.96962+07',0,'2025-12-05 14:48:27.96962+07','2025-12-05 14:58:48.691932+07',0),
	 ('272ea05c-c6d3-42b9-ae51-1b0fa1b4dfef'::uuid,'137d935b-4655-4759-a465-427bb85b56aa'::uuid,'d069844b-4662-4c27-b7d0-aea8c8b8be27'::uuid,1.0,1.0,0,'2025-12-05 14:48:27.969618+07',0,'2025-12-05 14:48:27.969618+07','2025-12-05 14:58:48.69197+07',0),
	 ('38e8fc41-5289-4b9e-8126-6a25cc8023b5'::uuid,'137d935b-4655-4759-a465-427bb85b56aa'::uuid,'01e821fe-8dbc-4b9d-a304-8d78fe77b5ea'::uuid,1.0,1.0,0,'2025-12-05 14:48:27.969616+07',0,'2025-12-05 14:48:27.969616+07','2025-12-05 14:58:48.691974+07',0),
	 ('3db51994-963d-4aa2-8a60-66c70e77e70b'::uuid,'137d935b-4655-4759-a465-427bb85b56aa'::uuid,'431eca4c-bddb-4650-a195-1934ed36f10d'::uuid,1.0,1.0,0,'2025-12-05 14:48:27.969624+07',0,'2025-12-05 14:48:27.969624+07','2025-12-05 14:58:48.691977+07',0),
	 ('5a2d34d2-01af-4df1-b6e4-b220f4b1ad85'::uuid,'137d935b-4655-4759-a465-427bb85b56aa'::uuid,'1445da29-c500-4ce7-b88d-f8f433d03626'::uuid,656.0,1.0,0,'2025-12-05 14:48:27.969609+07',0,'2025-12-05 14:48:27.969609+07','2025-12-05 14:58:48.691979+07',0),
	 ('71be26a0-1c8f-4840-a7c4-c577e68bf363'::uuid,'137d935b-4655-4759-a465-427bb85b56aa'::uuid,'61c70847-e7a6-43fa-869f-cfed0400078b'::uuid,1.0,1.0,0,'2025-12-05 14:48:27.9696+07',0,'2025-12-05 14:48:27.9696+07','2025-12-05 14:58:48.691981+07',0),
	 ('7f04bc7f-b356-4fc5-bb47-4baba3560423'::uuid,'137d935b-4655-4759-a465-427bb85b56aa'::uuid,'161d648a-07dd-409f-aeb3-161bff2e5b70'::uuid,30000.0,1.0,0,'2025-12-05 14:48:27.969621+07',0,'2025-12-05 14:48:27.969621+07','2025-12-05 14:58:48.691984+07',0),
	 ('2e2a1160-f3b1-4bcc-bd3d-983c35b6eb40'::uuid,'137d935b-4655-4759-a465-427bb85b56aa'::uuid,'11aa969c-1ac5-4355-b103-0bd389794817'::uuid,40000.0,1.0,0,'2025-12-05 14:48:12.618274+07',0,'2025-12-05 14:48:12.618274+07','2025-12-05 14:48:20.047484+07',0),
	 ('3e35abf0-5b5e-4366-82ab-4693bb23d6ee'::uuid,'137d935b-4655-4759-a465-427bb85b56aa'::uuid,'161d648a-07dd-409f-aeb3-161bff2e5b70'::uuid,30000.0,1.0,0,'2025-12-05 14:48:12.618273+07',0,'2025-12-05 14:48:12.618273+07','2025-12-05 14:48:20.047485+07',0),
	 ('4a93c7dd-f940-4fbf-b207-f725394b8399'::uuid,'137d935b-4655-4759-a465-427bb85b56aa'::uuid,'ed5947b5-ccee-4e2d-9362-14e1cf43936c'::uuid,80000.0,1.0,0,'2025-12-05 14:48:12.618257+07',0,'2025-12-05 14:48:12.618257+07','2025-12-05 14:48:20.047486+07',0),
	 ('7263b99b-9f74-4755-a0a6-0f3dfd45b033'::uuid,'137d935b-4655-4759-a465-427bb85b56aa'::uuid,'972e8685-0593-4b6e-8e1c-7301d3e1112b'::uuid,11700.0,1.0,0,'2025-12-05 14:48:12.618265+07',0,'2025-12-05 14:48:12.618265+07','2025-12-05 14:48:20.047487+07',0),
	 ('75a0d8a1-64ca-4341-8133-3b1e1983ed78'::uuid,'137d935b-4655-4759-a465-427bb85b56aa'::uuid,'a4aba258-9a72-4ec0-9201-a49a736671a7'::uuid,45200.0,1.0,0,'2025-12-05 14:48:12.618263+07',0,'2025-12-05 14:48:12.618263+07','2025-12-05 14:48:20.047487+07',0);
INSERT INTO "Pricing"."SlideUnitPriceAssignmentCode" ("Id","SlideUnitPriceId","MaterialId","Amount","Quantity","CreatedBy","CreatedOn","LastModifiedBy","LastModifiedOn","DeletedOn","DeletedBy") VALUES
	 ('a9b88335-6aae-47f8-b59b-0bc99d06bb5e'::uuid,'137d935b-4655-4759-a465-427bb85b56aa'::uuid,'c4346b5a-7178-4453-b5cf-1ca76eae07e6'::uuid,225000.0,1.0,0,'2025-12-05 14:48:12.618268+07',0,'2025-12-05 14:48:12.618268+07','2025-12-05 14:48:20.047488+07',0),
	 ('bc1ed562-5da0-4e65-8823-7708fabcd90f'::uuid,'137d935b-4655-4759-a465-427bb85b56aa'::uuid,'01e821fe-8dbc-4b9d-a304-8d78fe77b5ea'::uuid,1.0,1.0,0,'2025-12-05 14:48:12.61828+07',0,'2025-12-05 14:48:12.61828+07','2025-12-05 14:48:20.047489+07',0),
	 ('fbc1b53b-4599-43c5-8a05-c12c678bb3ac'::uuid,'137d935b-4655-4759-a465-427bb85b56aa'::uuid,'dd6311cd-9f06-4bfe-b0fa-bbe3ca2193e1'::uuid,8700.0,1.0,0,'2025-12-05 14:48:12.618266+07',0,'2025-12-05 14:48:12.618266+07','2025-12-05 14:48:20.04749+07',0),
	 ('80fcfb03-f937-4a68-b2fa-f844b1d2fb05'::uuid,'137d935b-4655-4759-a465-427bb85b56aa'::uuid,'972e8685-0593-4b6e-8e1c-7301d3e1112b'::uuid,11700.0,1.0,0,'2025-12-05 14:48:27.969612+07',0,'2025-12-05 14:48:27.969612+07','2025-12-05 14:58:48.691986+07',0),
	 ('85fd5da7-d1d7-4caa-b534-4280bb75b241'::uuid,'137d935b-4655-4759-a465-427bb85b56aa'::uuid,'11aa969c-1ac5-4355-b103-0bd389794817'::uuid,40000.0,1.0,0,'2025-12-05 14:48:27.969622+07',0,'2025-12-05 14:48:27.969622+07','2025-12-05 14:58:48.691988+07',0),
	 ('b46bd3aa-624f-4ba4-bb8e-c79d06bdf836'::uuid,'137d935b-4655-4759-a465-427bb85b56aa'::uuid,'dd6311cd-9f06-4bfe-b0fa-bbe3ca2193e1'::uuid,8700.0,1.0,0,'2025-12-05 14:48:27.96961+07',0,'2025-12-05 14:48:27.96961+07','2025-12-05 14:58:48.69199+07',0),
	 ('dfc86fdd-cf2b-4aa0-86d2-7fb01bdd0e2c'::uuid,'137d935b-4655-4759-a465-427bb85b56aa'::uuid,'ed5947b5-ccee-4e2d-9362-14e1cf43936c'::uuid,80000.0,1.0,0,'2025-12-05 14:48:27.969626+07',0,'2025-12-05 14:48:27.969626+07','2025-12-05 14:58:48.691993+07',0),
	 ('e26433fb-4b71-4a49-a215-47c3fde2187e'::uuid,'137d935b-4655-4759-a465-427bb85b56aa'::uuid,'c4346b5a-7178-4453-b5cf-1ca76eae07e6'::uuid,225000.0,1.0,0,'2025-12-05 14:48:27.969628+07',0,'2025-12-05 14:48:27.969628+07','2025-12-05 14:58:48.691995+07',0),
	 ('f0735780-ef92-4503-9585-e9042833b561'::uuid,'137d935b-4655-4759-a465-427bb85b56aa'::uuid,'11aa969c-1ac5-4355-b103-0bd389794817'::uuid,40000.0,1.0,0,'2025-12-05 14:58:48.209783+07',0,'2025-12-05 14:58:48.209783+07','2025-12-10 15:40:56.32977+07',0),
	 ('18ecc37a-b021-450e-820b-601056f6ceba'::uuid,'137d935b-4655-4759-a465-427bb85b56aa'::uuid,'61c70847-e7a6-43fa-869f-cfed0400078b'::uuid,1.0,1.0,0,'2025-12-05 14:48:20.046508+07',0,'2025-12-05 14:48:20.046508+07','2025-12-05 14:48:27.970212+07',0),
	 ('1e6cf7cb-5cd2-43ef-bc0c-b10582b78320'::uuid,'137d935b-4655-4759-a465-427bb85b56aa'::uuid,'1445da29-c500-4ce7-b88d-f8f433d03626'::uuid,656.0,1.0,0,'2025-12-05 14:48:20.046474+07',0,'2025-12-05 14:48:20.046474+07','2025-12-05 14:48:27.970213+07',0),
	 ('316948c1-a388-4a01-87d3-b830a2093f14'::uuid,'137d935b-4655-4759-a465-427bb85b56aa'::uuid,'dd6311cd-9f06-4bfe-b0fa-bbe3ca2193e1'::uuid,8700.0,1.0,0,'2025-12-05 14:48:20.046479+07',0,'2025-12-05 14:48:20.046479+07','2025-12-05 14:48:27.970214+07',0),
	 ('3665424a-bcea-482a-9cc4-aa3137ec9506'::uuid,'137d935b-4655-4759-a465-427bb85b56aa'::uuid,'01e821fe-8dbc-4b9d-a304-8d78fe77b5ea'::uuid,1.0,1.0,0,'2025-12-05 14:48:20.046522+07',0,'2025-12-05 14:48:20.046523+07','2025-12-05 14:48:27.970215+07',0),
	 ('5c825551-8186-4ffd-b759-ea6b93981b0b'::uuid,'137d935b-4655-4759-a465-427bb85b56aa'::uuid,'d069844b-4662-4c27-b7d0-aea8c8b8be27'::uuid,1.0,1.0,0,'2025-12-05 14:48:20.046483+07',0,'2025-12-05 14:48:20.046483+07','2025-12-05 14:48:27.970216+07',0),
	 ('6d241245-d10a-49b8-8fec-6ca7576caf54'::uuid,'137d935b-4655-4759-a465-427bb85b56aa'::uuid,'41109446-19b8-4dd0-b80a-2317dd96ffaa'::uuid,20000.0,1.0,0,'2025-12-05 14:48:20.046501+07',0,'2025-12-05 14:48:20.046501+07','2025-12-05 14:48:27.970217+07',0),
	 ('70355c96-9f43-4e40-b9a1-c122f91e8a55'::uuid,'137d935b-4655-4759-a465-427bb85b56aa'::uuid,'161d648a-07dd-409f-aeb3-161bff2e5b70'::uuid,30000.0,1.0,0,'2025-12-05 14:48:20.046503+07',0,'2025-12-05 14:48:20.046503+07','2025-12-05 14:48:27.970217+07',0),
	 ('83904142-61ae-4391-9b5c-9d6df87cf962'::uuid,'137d935b-4655-4759-a465-427bb85b56aa'::uuid,'431eca4c-bddb-4650-a195-1934ed36f10d'::uuid,1.0,1.0,0,'2025-12-05 14:48:20.046511+07',0,'2025-12-05 14:48:20.046511+07','2025-12-05 14:48:27.970218+07',0),
	 ('86ed6bc2-2d69-4c96-8359-be2f05d7cf76'::uuid,'137d935b-4655-4759-a465-427bb85b56aa'::uuid,'ed5947b5-ccee-4e2d-9362-14e1cf43936c'::uuid,80000.0,1.0,0,'2025-12-05 14:48:20.046516+07',0,'2025-12-05 14:48:20.046516+07','2025-12-05 14:48:27.970218+07',0),
	 ('91b7aaf3-6bf7-462f-9659-dbab39f6666a'::uuid,'137d935b-4655-4759-a465-427bb85b56aa'::uuid,'972e8685-0593-4b6e-8e1c-7301d3e1112b'::uuid,11700.0,1.0,0,'2025-12-05 14:48:20.046476+07',0,'2025-12-05 14:48:20.046476+07','2025-12-05 14:48:27.970219+07',0),
	 ('a9264afb-5526-44b3-a62d-268deb6088a6'::uuid,'137d935b-4655-4759-a465-427bb85b56aa'::uuid,'a4aba258-9a72-4ec0-9201-a49a736671a7'::uuid,45200.0,1.0,0,'2025-12-05 14:48:20.046477+07',0,'2025-12-05 14:48:20.046477+07','2025-12-05 14:48:27.970219+07',0);
INSERT INTO "Pricing"."SlideUnitPriceAssignmentCode" ("Id","SlideUnitPriceId","MaterialId","Amount","Quantity","CreatedBy","CreatedOn","LastModifiedBy","LastModifiedOn","DeletedOn","DeletedBy") VALUES
	 ('c875a8e8-727a-421d-bdd9-a699d6b03072'::uuid,'137d935b-4655-4759-a465-427bb85b56aa'::uuid,'11aa969c-1ac5-4355-b103-0bd389794817'::uuid,40000.0,1.0,0,'2025-12-05 14:48:20.046502+07',0,'2025-12-05 14:48:20.046502+07','2025-12-05 14:48:27.970219+07',0),
	 ('c98b3dfc-f66c-4f27-8feb-19e20e30ab98'::uuid,'137d935b-4655-4759-a465-427bb85b56aa'::uuid,'c4346b5a-7178-4453-b5cf-1ca76eae07e6'::uuid,225000.0,1.0,0,'2025-12-05 14:48:20.04652+07',0,'2025-12-05 14:48:20.04652+07','2025-12-05 14:48:27.97022+07',0),
	 ('fe5daedc-9332-4b19-a4d3-3a717ac9dd08'::uuid,'137d935b-4655-4759-a465-427bb85b56aa'::uuid,'161d648a-07dd-409f-aeb3-161bff2e5b70'::uuid,30000.0,1.0,0,'2025-12-05 14:58:48.209785+07',0,'2025-12-05 14:58:48.209785+07','2025-12-10 15:40:56.32977+07',0),
	 ('6e7edd36-5d74-4de3-8808-085704291430'::uuid,'5fd2e11a-2957-44f0-b919-5a38646e632e'::uuid,'9160cda3-776f-4cd6-87a6-3e049f5e3134'::uuid,1500000.0,10.0,0,'2025-12-14 23:03:16.218256+07',0,'2025-12-14 23:03:16.218256+07','2025-12-14 23:03:29.109522+07',0),
	 ('8688b5b3-960a-41a6-a950-0a006bc2230d'::uuid,'5fd2e11a-2957-44f0-b919-5a38646e632e'::uuid,'8b774a68-59ba-4e71-91c2-14f30ba832c0'::uuid,3000000.0,5.0,0,'2025-12-14 23:03:16.21832+07',0,'2025-12-14 23:03:16.21832+07','2025-12-14 23:03:29.109532+07',0);



INSERT INTO "Pricing"."MaintainUnitPrice" ("Id","EquipmentId","StartDate","EndDate","CreatedBy","CreatedOn","LastModifiedBy","LastModifiedOn","DeletedOn","DeletedBy") VALUES
	 ('968a6308-f1d6-4427-913d-c219bfbdebe5'::uuid,'2a10685d-5c9b-4344-9c51-cc3fbebc5ed2'::uuid,'2025-12-02 07:00:00+07','2025-12-31 07:00:00+07',0,'2025-12-12 16:08:29.139209+07',0,'2025-12-12 16:08:29.139209+07',NULL,NULL),
	 ('e9ff90db-d264-46e9-8d7c-f6567611e616'::uuid,'2a10685d-5c9b-4344-9c51-cc3fbebc5ed2'::uuid,'2025-12-01 07:00:00+07','2025-12-25 07:00:00+07',0,'2025-12-12 15:30:33.533893+07',0,'2025-12-12 15:30:33.533893+07','2025-12-12 16:08:37.484826+07',0);
INSERT INTO "Pricing"."MaintainUnitPriceEquipment" ("Id","MaintainUnitPriceId","PartId","Quantity","ReplacementTimeStandard","AverageMonthlyTunnelProduction","CreatedBy","CreatedOn","LastModifiedBy","LastModifiedOn","DeletedOn","DeletedBy") VALUES
	 ('5e2665f0-15bb-48f0-975b-5049dfbfe1ba'::uuid,'968a6308-f1d6-4427-913d-c219bfbdebe5'::uuid,'14c0e7e7-7626-46c5-b250-19949ea517fb'::uuid,1.0,1.00,1.00,0,'2025-12-12 16:08:29.139214+07',0,'2025-12-12 16:08:29.139214+07',NULL,NULL),
	 ('f1b9f45a-7cf4-4017-87bb-6f0d8f48f33d'::uuid,'968a6308-f1d6-4427-913d-c219bfbdebe5'::uuid,'fdc0e70e-9175-4e2f-a0f2-b6fe54c737d8'::uuid,1.0,1.00,1.00,0,'2025-12-12 16:08:29.139216+07',0,'2025-12-12 16:08:29.139216+07',NULL,NULL),
	 ('a98c0a7a-9c7f-42c4-9def-544343bdb44e'::uuid,'e9ff90db-d264-46e9-8d7c-f6567611e616'::uuid,'e00f2c83-f22d-44e5-9843-1dd6e3b6c17c'::uuid,11.0,11.00,11.00,0,'2025-12-12 15:30:33.533905+07',0,'2025-12-12 15:30:33.533905+07','2025-12-12 16:08:37.484835+07',0),
	 ('acaacb2f-53d0-4eb3-b03f-89a8429757ce'::uuid,'e9ff90db-d264-46e9-8d7c-f6567611e616'::uuid,'14c0e7e7-7626-46c5-b250-19949ea517fb'::uuid,11.0,11.00,11.00,0,'2025-12-12 15:30:33.533902+07',0,'2025-12-12 15:30:33.533902+07','2025-12-12 16:08:37.484841+07',0),
	 ('b5d54ad2-9c29-43aa-8ddb-123bf98cecdf'::uuid,'e9ff90db-d264-46e9-8d7c-f6567611e616'::uuid,'e9787447-ec95-4ad1-9b19-53193a0f16c7'::uuid,11.0,11.00,11.00,0,'2025-12-12 15:30:33.533903+07',0,'2025-12-12 15:30:33.533903+07','2025-12-12 16:08:37.484841+07',0);


INSERT INTO "Pricing"."ElectricityUnitPriceEquipment" ("Id","EquipmentId","AverageMonthlyTunnelProduction","CreatedBy","CreatedOn","DeletedBy","DeletedOn","EndDate","LastModifiedBy","LastModifiedOn","MonthlyElectricityCost","StartDate") VALUES
	 ('d2bef11b-9c9f-4720-9d3a-cf5e5cf8fb18'::uuid,'e10ba96f-0147-43af-a412-1179cd8cb9d8'::uuid,200.00,0,'2025-12-13 22:52:29.857133+07',NULL,NULL,'2025-12-31 07:00:00+07',0,'2025-12-13 22:52:29.857133+07',12.0,'2025-12-01 07:00:00+07');


INSERT INTO "Pricing"."ProductUnitPrice" ("Id","ProductId","UnitOfMeasureId","CreatedBy","CreatedOn","LastModifiedBy","LastModifiedOn","DeletedOn","DeletedBy") VALUES
	 ('a2370c86-bb51-45af-8d1c-f2ba4e27d154'::uuid,'8ea585d5-d09b-451b-b6fc-4d9f38c05e90'::uuid,'7e38832b-c384-4fab-8240-d45bb420e9db'::uuid,0,'2025-12-12 10:32:12.752133+07',0,'2025-12-12 10:32:12.752133+07','2025-12-12 10:52:42.230653+07',0),
	 ('0728b911-0f74-47c3-a510-56f68871724e'::uuid,'8ea585d5-d09b-451b-b6fc-4d9f38c05e90'::uuid,'7e38832b-c384-4fab-8240-d45bb420e9db'::uuid,0,'2025-12-12 10:53:48.341615+07',0,'2025-12-12 10:53:48.341616+07','2025-12-12 10:56:53.238023+07',0),
	 ('f0f62ce1-4c2f-4a08-b01e-e9adef3927be'::uuid,'8ea585d5-d09b-451b-b6fc-4d9f38c05e90'::uuid,'7e38832b-c384-4fab-8240-d45bb420e9db'::uuid,0,'2025-12-12 11:05:53.245229+07',0,'2025-12-12 11:05:53.245229+07','2025-12-12 11:06:00.523052+07',0),
	 ('2caa8b3d-905f-40d4-8855-b88fae7eb882'::uuid,'8ea585d5-d09b-451b-b6fc-4d9f38c05e90'::uuid,'7e38832b-c384-4fab-8240-d45bb420e9db'::uuid,0,'2025-12-12 11:06:06.706238+07',0,'2025-12-12 11:06:06.706238+07','2025-12-16 14:58:06.080988+07',0),
	 ('6fdaf5bb-ec42-4cbd-bdfc-3505f6904ab2'::uuid,'0cb6319d-d135-447e-968a-32fcfc0f05ec'::uuid,'93ab61ce-4e8f-417e-9b85-faea955fc645'::uuid,0,'2025-12-12 12:05:09.596522+07',0,'2025-12-14 23:04:59.958713+07','2025-12-16 14:58:06.081323+07',0),
	 ('dc59c0b8-92c4-4b86-814c-144479b48398'::uuid,'0cb6319d-d135-447e-968a-32fcfc0f05ec'::uuid,'7e38832b-c384-4fab-8240-d45bb420e9db'::uuid,0,'2025-12-16 14:58:32.898571+07',0,'2025-12-16 14:58:32.898572+07','2025-12-16 15:06:29.220731+07',0),
	 ('417d4b28-5009-465d-b8d5-a4eb69988796'::uuid,'8ea585d5-d09b-451b-b6fc-4d9f38c05e90'::uuid,'29b285ef-969c-4ea1-8dc3-f9180fbafbdc'::uuid,0,'2025-12-16 16:58:18.300276+07',0,'2025-12-16 16:58:18.300276+07','2025-12-17 15:54:27.213174+07',0),
	 ('8a349039-9223-4310-8048-a77222530528'::uuid,'0cb6319d-d135-447e-968a-32fcfc0f05ec'::uuid,'7e38832b-c384-4fab-8240-d45bb420e9db'::uuid,0,'2025-12-16 15:06:50.627862+07',0,'2025-12-16 15:06:50.627862+07','2025-12-17 15:54:27.213522+07',0),
	 ('a2cfd7d3-64e0-439a-a219-b115cc3dc0b0'::uuid,'cacecb68-94bc-46aa-aa97-9db73a9d2b68'::uuid,'29b285ef-969c-4ea1-8dc3-f9180fbafbdc'::uuid,0,'2025-12-16 15:10:19.24071+07',0,'2025-12-16 15:10:19.24071+07','2025-12-17 15:54:27.213528+07',0),
	 ('e9492833-f4c0-4ff7-9b7c-afe371bce217'::uuid,'0cb6319d-d135-447e-968a-32fcfc0f05ec'::uuid,'29b285ef-969c-4ea1-8dc3-f9180fbafbdc'::uuid,0,'2025-12-17 15:54:49.721941+07',0,'2025-12-17 15:54:49.721941+07',NULL,NULL);


INSERT INTO "Pricing"."Output" ("Id","ProductUnitPriceId","ProductionMeters","OutputType","StartDate","EndDate","CreatedBy","CreatedOn","LastModifiedBy","LastModifiedOn","DeletedOn","DeletedBy") VALUES
	 ('8bee2107-4ec6-4d28-a0cb-45ac67adedb8'::uuid,'a2370c86-bb51-45af-8d1c-f2ba4e27d154'::uuid,400.0,1,'2025-12-12 10:30:14.033+07','2025-12-12 10:30:14.033+07',0,'2025-12-12 10:32:12.769795+07',0,'2025-12-12 10:32:12.769795+07','2025-12-12 10:52:42.231206+07',0),
	 ('d90bd0b1-6028-46f1-a18e-4c58aa5e8edd'::uuid,'0728b911-0f74-47c3-a510-56f68871724e'::uuid,400.0,1,'2025-12-12 10:30:14.033+07','2025-12-12 10:30:14.033+07',0,'2025-12-12 10:53:48.341628+07',0,'2025-12-12 10:53:48.341628+07','2025-12-12 10:56:53.238534+07',0),
	 ('dede2555-9049-4b89-b3d8-9bdd2382c405'::uuid,'f0f62ce1-4c2f-4a08-b01e-e9adef3927be'::uuid,400.0,1,'2025-12-12 10:30:14.033+07','2025-12-12 10:30:14.033+07',0,'2025-12-12 11:05:53.326004+07',0,'2025-12-12 11:05:53.326004+07','2025-12-12 11:06:00.523387+07',0),
	 ('0ba16e8c-ca40-4e5e-8142-03d1a36da0f1'::uuid,'6fdaf5bb-ec42-4cbd-bdfc-3505f6904ab2'::uuid,400.0,1,'2025-12-01 07:00:00+07','2025-12-07 07:00:00+07',0,'2025-12-12 12:05:09.596534+07',0,'2025-12-12 12:05:09.596534+07','2025-12-12 14:32:00.334257+07',0),
	 ('1c6e6274-2fa9-4821-8c8c-ada839a770aa'::uuid,'6fdaf5bb-ec42-4cbd-bdfc-3505f6904ab2'::uuid,100.0,1,'2025-12-08 07:00:00+07','2025-12-14 07:00:00+07',0,'2025-12-12 14:32:00.316143+07',0,'2025-12-12 14:32:00.316143+07','2025-12-14 23:04:59.958766+07',0),
	 ('6324452f-8d56-4c18-9cfb-8017efb9fee6'::uuid,'6fdaf5bb-ec42-4cbd-bdfc-3505f6904ab2'::uuid,400.0,1,'2025-12-01 07:00:00+07','2025-12-07 07:00:00+07',0,'2025-12-12 14:32:00.316141+07',0,'2025-12-12 14:32:00.316141+07','2025-12-14 23:04:59.958777+07',0),
	 ('08d7957d-ef0f-4609-b9c8-fdab219d2363'::uuid,'6fdaf5bb-ec42-4cbd-bdfc-3505f6904ab2'::uuid,1000.0,1,'2025-12-01 07:00:00+07','2025-12-31 07:00:00+07',0,'2025-12-14 23:04:59.942562+07',0,'2025-12-14 23:04:59.942562+07','2025-12-16 14:58:06.081327+07',0),
	 ('ad09e214-21b8-4db4-9a46-905fe771f52d'::uuid,'2caa8b3d-905f-40d4-8855-b88fae7eb882'::uuid,400.0,1,'2025-12-12 10:30:14.033+07','2025-12-12 10:30:14.033+07',0,'2025-12-12 11:06:06.706243+07',0,'2025-12-12 11:06:06.706243+07','2025-12-16 14:58:06.081299+07',0),
	 ('b8d83cec-c1db-48a6-9d12-3a863fa387e7'::uuid,'dc59c0b8-92c4-4b86-814c-144479b48398'::uuid,1000.0,1,'2025-12-01 07:00:00+07','2025-12-31 07:00:00+07',0,'2025-12-16 14:58:32.902874+07',0,'2025-12-16 14:58:32.902874+07','2025-12-16 15:06:29.220735+07',0),
	 ('34980941-3d80-4015-a814-c53245575807'::uuid,'417d4b28-5009-465d-b8d5-a4eb69988796'::uuid,1200.0,1,'2025-12-01 07:00:00+07','2025-12-31 07:00:00+07',0,'2025-12-16 16:58:18.317366+07',0,'2025-12-16 16:58:18.317366+07','2025-12-17 15:54:27.213504+07',0),
	 ('3c547da1-ad48-41c4-b2d3-615e0e254a70'::uuid,'8a349039-9223-4310-8048-a77222530528'::uuid,1000.0,1,'2025-12-01 07:00:00+07','2025-12-31 07:00:00+07',0,'2025-12-16 15:06:50.627867+07',0,'2025-12-16 15:06:50.627867+07','2025-12-17 15:54:27.213525+07',0),
	 ('b7714502-96df-4102-a3c5-5e32dd416dad'::uuid,'a2cfd7d3-64e0-439a-a219-b115cc3dc0b0'::uuid,1200.0,1,'2025-12-01 07:00:00+07','2025-12-31 07:00:00+07',0,'2025-12-16 15:10:19.240715+07',0,'2025-12-16 15:10:19.240715+07','2025-12-17 15:54:27.213529+07',0),
	 ('ea619a27-ac74-4806-ac44-8b1aedd8ee04'::uuid,'e9492833-f4c0-4ff7-9b7c-afe371bce217'::uuid,1800.0,1,'2025-12-01 07:00:00+07','2025-12-31 07:00:00+07',0,'2025-12-17 15:54:49.792222+07',0,'2025-12-17 15:54:49.792222+07',NULL,NULL);


INSERT INTO "Pricing"."PlannedMaterialCost" ("Id","ProductUnitPriceId","MaterialUnitPriceId","SlideUnitPriceAssignmentCodeId","StoneClampRatioId","CreatedBy","CreatedOn","LastModifiedBy","LastModifiedOn","DeletedOn","DeletedBy","OutputId") VALUES
	 ('61f8c003-a426-4f93-b6fa-950540989218'::uuid,'2caa8b3d-905f-40d4-8855-b88fae7eb882'::uuid,'763d87e5-ce30-48c1-b233-5acff916de27'::uuid,NULL,'1c05f245-ea9f-42ba-8121-364d4f89533a'::uuid,0,'2025-12-16 14:49:31.14587+07',0,'2025-12-16 14:56:33.158152+07','2025-12-16 14:58:06.081315+07',0,'ad09e214-21b8-4db4-9a46-905fe771f52d'::uuid),
	 ('98906edd-df91-43be-a213-96b4840fa59c'::uuid,'6fdaf5bb-ec42-4cbd-bdfc-3505f6904ab2'::uuid,'15310d41-52fb-4f31-8a4b-3304de1f7d44'::uuid,'4b25e509-6c12-4136-99ad-41ad85b64be7'::uuid,'1c05f245-ea9f-42ba-8121-364d4f89533a'::uuid,0,'2025-12-14 23:31:19.576783+07',0,'2025-12-16 14:47:02.590438+07','2025-12-16 14:58:06.081329+07',0,'08d7957d-ef0f-4609-b9c8-fdab219d2363'::uuid),
	 ('100141d2-4a62-45a2-8ddb-fed9bd355f15'::uuid,'dc59c0b8-92c4-4b86-814c-144479b48398'::uuid,'763d87e5-ce30-48c1-b233-5acff916de27'::uuid,NULL,'6f237ee1-5cf7-4e1d-b306-e36aa5c74174'::uuid,0,'2025-12-16 15:04:13.824437+07',0,'2025-12-16 15:04:13.824437+07','2025-12-16 15:06:29.220736+07',0,'b8d83cec-c1db-48a6-9d12-3a863fa387e7'::uuid),
	 ('23b13925-c8de-47df-9635-9cddf0c9d2f6'::uuid,'a2cfd7d3-64e0-439a-a219-b115cc3dc0b0'::uuid,'15310d41-52fb-4f31-8a4b-3304de1f7d44'::uuid,NULL,'1c05f245-ea9f-42ba-8121-364d4f89533a'::uuid,0,'2025-12-16 15:10:39.183462+07',0,'2025-12-16 15:10:39.183462+07','2025-12-17 15:54:27.213532+07',0,'b7714502-96df-4102-a3c5-5e32dd416dad'::uuid),
	 ('34eb1d03-aee5-402f-a37f-98e9247f5ea2'::uuid,'8a349039-9223-4310-8048-a77222530528'::uuid,'763d87e5-ce30-48c1-b233-5acff916de27'::uuid,NULL,'6f237ee1-5cf7-4e1d-b306-e36aa5c74174'::uuid,0,'2025-12-16 15:07:07.748445+07',0,'2025-12-16 15:07:07.748446+07','2025-12-17 15:54:27.213528+07',0,'3c547da1-ad48-41c4-b2d3-615e0e254a70'::uuid),
	 ('db9173c5-ccaf-4a28-94d0-72684d51bd0d'::uuid,'417d4b28-5009-465d-b8d5-a4eb69988796'::uuid,'15310d41-52fb-4f31-8a4b-3304de1f7d44'::uuid,NULL,'6f237ee1-5cf7-4e1d-b306-e36aa5c74174'::uuid,0,'2025-12-16 16:59:11.540249+07',0,'2025-12-16 16:59:11.540249+07','2025-12-17 15:54:27.213517+07',0,'34980941-3d80-4015-a814-c53245575807'::uuid),
	 ('66373117-4fbb-4d1b-a10a-284442e9fec0'::uuid,'e9492833-f4c0-4ff7-9b7c-afe371bce217'::uuid,'763d87e5-ce30-48c1-b233-5acff916de27'::uuid,NULL,'6f237ee1-5cf7-4e1d-b306-e36aa5c74174'::uuid,0,'2025-12-17 15:55:05.089821+07',0,'2025-12-17 15:55:05.089821+07',NULL,NULL,'ea619a27-ac74-4806-ac44-8b1aedd8ee04'::uuid);


INSERT INTO "Pricing"."PlannedElectricityCost" ("Id","ProductUnitPriceId","CreatedBy","CreatedOn","LastModifiedBy","LastModifiedOn","DeletedOn","DeletedBy","OutputId") VALUES
	 ('1a3d0796-4f43-4ea1-b139-ad875332f4bf'::uuid,'6fdaf5bb-ec42-4cbd-bdfc-3505f6904ab2'::uuid,0,'2025-12-13 22:53:22.41906+07',0,'2025-12-13 22:53:22.41906+07','2025-12-16 14:58:06.081331+07',0,'1c6e6274-2fa9-4821-8c8c-ada839a770aa'::uuid);
INSERT INTO "Pricing"."PlannedElectricityCostAdjustmentFactor" ("Id","PlannedElectricityCostId","ElectricityUnitPriceId","Quantity","CreatedBy","CreatedOn","LastModifiedBy","LastModifiedOn","DeletedOn","DeletedBy") VALUES
	 ('b5bc8bd0-6cf9-4f68-b366-038cbd93013b'::uuid,'1a3d0796-4f43-4ea1-b139-ad875332f4bf'::uuid,'d2bef11b-9c9f-4720-9d3a-cf5e5cf8fb18'::uuid,12.00,0,'2025-12-13 22:53:22.417216+07',0,'2025-12-13 22:53:22.417218+07',NULL,NULL);
INSERT INTO "Pricing"."PlannedMaintainCost" ("Id","ProductUnitPriceId","CreatedBy","CreatedOn","LastModifiedBy","LastModifiedOn","DeletedOn","DeletedBy","OutputId") VALUES
	 ('429ec3b7-f8ea-4dd5-a365-e3b5558dcf1d'::uuid,'6fdaf5bb-ec42-4cbd-bdfc-3505f6904ab2'::uuid,0,'2025-12-13 22:06:56.456948+07',0,'2025-12-13 22:06:56.456948+07','2025-12-16 14:58:06.081334+07',0,'1c6e6274-2fa9-4821-8c8c-ada839a770aa'::uuid),
	 ('4b8c7f9b-14c5-4b08-9a91-a19fa10ceea4'::uuid,'417d4b28-5009-465d-b8d5-a4eb69988796'::uuid,0,'2025-12-17 10:58:18.490975+07',0,'2025-12-17 10:58:18.490976+07','2025-12-17 15:54:27.213514+07',0,'34980941-3d80-4015-a814-c53245575807'::uuid),
	 ('7f49b8a3-c483-47cd-9f6f-52fd6ba5fb8a'::uuid,'a2cfd7d3-64e0-439a-a219-b115cc3dc0b0'::uuid,0,'2025-12-17 11:01:53.871008+07',0,'2025-12-17 11:01:53.871008+07','2025-12-17 15:54:27.213531+07',0,'b7714502-96df-4102-a3c5-5e32dd416dad'::uuid);
INSERT INTO "Pricing"."PlannedMaintainCostAdjustmentFactor" ("Id","PlannedMaintainCostId","MaintainUnitPriceId","Quantity","CreatedBy","CreatedOn","LastModifiedBy","LastModifiedOn","DeletedOn","DeletedBy") VALUES
	 ('96557ec1-c0af-4bdd-9b65-21163aca5363'::uuid,'429ec3b7-f8ea-4dd5-a365-e3b5558dcf1d'::uuid,'968a6308-f1d6-4427-913d-c219bfbdebe5'::uuid,123.00,0,'2025-12-13 22:06:55.989724+07',0,'2025-12-13 22:06:55.989724+07',NULL,NULL),
	 ('09f60fbf-82c1-4498-be48-2d15d24b81ae'::uuid,'4b8c7f9b-14c5-4b08-9a91-a19fa10ceea4'::uuid,'968a6308-f1d6-4427-913d-c219bfbdebe5'::uuid,12.00,0,'2025-12-17 10:58:18.49029+07',0,'2025-12-17 10:58:18.49029+07',NULL,NULL),
	 ('e5db1bbc-653c-472d-b36d-b4f20d8a3b63'::uuid,'7f49b8a3-c483-47cd-9f6f-52fd6ba5fb8a'::uuid,'968a6308-f1d6-4427-913d-c219bfbdebe5'::uuid,2.00,0,'2025-12-17 11:01:53.871005+07',0,'2025-12-17 11:01:53.871006+07',NULL,NULL);